vds_id,year,contrib
IAP10A0009,2010,0.9
IAP10A0010,2010,2.1
IAP10A0030,2010,2.1
IAP10A0034,2010,5.1
IAP10A0035,2010,4.2
IAP10A0036,2010,2.1
IAP10A0038,2010,4.2
IAP10A0039,2010,2.1
IAP10A0043,2010,5.2
IAP10A0044,2010,10
IAP10A0046,2010,5.4
IAP10A0048,2010,3.1
IAP10A0053,2010,4.5
IAP10A0055,2010,6.1
IAP10A0058,2010,0.9
IAP10A0081,2010,2.1
IAP10A0082,2010,7.5
IAP10A0202,2010,5.4
IAP10A0203,2010,5.1
IAP10A0208,2010,6.3
IAP10A0209,2010,4.5
IAP10A0210,2010,5.1
IAP10A0212,2010,6.1
IAP10A0216,2010,7.2
IAP10A0217,2010,4.5
IAP10A0219,2010,2.1
IAP10A0220,2010,1.8
IAP10A0224,2010,5.2
IAP10A0225,2010,6.1
IAP10A0226,2010,3.3
IAP10A0227,2010,3.3
IAP10A0228,2010,4.2
IAP10A0229,2010,3.1
IAP10A0231,2010,5.4
IAP10A0232,2010,5.7
IAP10A0233,2010,3
IAP10A0234,2010,4.2
IAP10A0236,2010,5.1
IAP10A0237,2010,4.2
IAP10A0238,2010,3.3
IAP10A0239,2010,4.2
IAP10A0240,2010,6.7
IAP10A0241,2010,4.2
IAP10A0242,2010,2.1
IAP10A0297,2010,6
IAP10A0299,2010,4.3
IAP10A0300,2010,4.5
IAP10A0301,2010,5.4
IAP10A0302,2010,4.3
IAP10A0303,2010,3.1
IAP10A0304,2010,4.2
IAP10A0305,2010,4.2
IAP10A0306,2010,6
IAP10A0307,2010,3.9
IAP10A0308,2010,3.3
IAP10A0309,2010,5.7
IAP10A0311,2010,3.3
IAP10A0312,2010,4.2
IAP10A0314,2010,0.9
IAP10A0315,2010,5.1
IAP10A0316,2010,3.9
IAP10A0317,2010,5.4
IAP10A0320,2010,5.1
IAP10A0325,2010,4.5
IAP10A0328,2010,4.2
IAP10A0329,2010,4.2
IAP10A0330,2010,4.2
IAP10A1006,2010,1.8
IAP10A1124,2010,3.3
IAP10B0030,2010,5.1
IAP10B0032,2010,6
IAP10B0035,2010,3
IAP10B0036,2010,5.5
IAP10B0037,2010,10.1
IAP10B0038,2010,9.3
IAP10B0041,2010,3.3
IAP10B0043,2010,9.3
IAP10B0044,2010,7.5
IAP10B0046,2010,5.1
IAP10B0047,2010,2.1
IAP10B0049,2010,4.2
IAP10B0052,2010,5.7
IAP10B0053,2010,6
IAP10B0054,2010,4.2
IAP10B0055,2010,5.4
IAP10B0057,2010,5.7
IAP10B0058,2010,6.6
IAP10B0059,2010,3.3
IAP10B0200,2010,6.3
IAP10B0201,2010,2.1
IAP10B0203,2010,6.3
IAP10B0205,2010,5.3
IAP10B0207,2010,5.4
IAP10B0256,2010,5.2
IAP10B0257,2010,3.9
IAP10B0258,2010,5.1
IAP10B0259,2010,3.3
IAP10B0260,2010,3.9
IAP10B0275,2010,4.5
IAP10B0276,2010,6.3
IAP10B0277,2010,4.2
IAP10B0278,2010,6.3
IAP10B0280,2010,6.3
IAP10B0281,2010,4.5
IAP10B0284,2010,5.7
IAP10B0287,2010,5.4
IAP10B0288,2010,8.2
IAP10B0289,2010,2.1
IAP10B0290,2010,6
IAP10B0291,2010,2.1
IAP10B0293,2010,6.3
IAP10B0294,2010,2.1
IAP10B0296,2010,5.4
IAP10B0297,2010,4.5
IAP10B0298,2010,3
IAP10B0299,2010,4.5
IAP10B0303,2010,4.5
IAP10B1079,2010,5.2
IAP10C0001,2010,5.4
IAP10C0002,2010,6.9
IAP10C0003,2010,6.6
IAP10C0004,2010,5.1
IAP10C0005,2010,7.2
IAP10C0006,2010,4.2
IAP10C0007,2010,3
IAP10C0008,2010,2.1
IAP10C0009,2010,6
IAP10C0010,2010,5.1
IAP10C0030,2010,5.7
IAP10C0031,2010,2.1
IAP10C0032,2010,4.2
IAP10C0033,2010,4.5
IAP10C0034,2010,3.3
IAP10C0035,2010,5.4
IAP10C0036,2010,4.5
IAP10C0037,2010,2.1
IAP10C0038,2010,5.4
IAP10C0039,2010,8.4
IAP10C0040,2010,3.3
IAP10C0041,2010,4.5
IAP10C0042,2010,3.3
IAP10C0043,2010,3
IAP10C0044,2010,2.1
IAP10C0045,2010,3.3
IAP10C0046,2010,6
IAP10C0047,2010,4.5
IAP10C0048,2010,4.2
IAP10C0049,2010,4.2
IAP10C0050,2010,2.1
IAP10C0051,2010,3.3
IAP10C0052,2010,3.9
IAP10C0053,2010,4.8
IAP10C0054,2010,6.9
IAP10C0055,2010,4.2
IAP10C0056,2010,2.1
IAP10C0057,2010,2.1
IAP10C0058,2010,4.2
IAP10C0059,2010,3.3
IAP10D0001,2010,6.6
IAP10D0002,2010,3
IAP10D0003,2010,3.3
IAP10D0004,2010,4.5
IAP10D0005,2010,3.9
IAP10D0006,2010,7.5
IAP10D0007,2010,6
IAP10D0008,2010,5.7
IAP10D0009,2010,4.2
IAP10D0010,2010,6.3
IAP10D0030,2010,2.1
IAP10D0031,2010,6.1
IAP10D0033,2010,5.4
IAP10D0034,2010,3.9
IAP10D0035,2010,4.2
IAP10D0036,2010,4.2
IAP10D0037,2010,0.9
IAP10D0038,2010,5.2
IAP10D0039,2010,3.9
IAP10D0040,2010,3.3
IAP10D0041,2010,2.1
IAP10D0042,2010,4.2
IAP10D0043,2010,4.5
IAP10D0044,2010,4.2
IAP10D0045,2010,4.5
IAP10D0046,2010,5.4
IAP10D0047,2010,6
IAP10D0048,2010,3.9
IAP10D0049,2010,3.3
IAP10D0050,2010,3
IAP10D0051,2010,6.3
IAP10D0052,2010,4.2
IAP10D0053,2010,2.1
IAP10D0054,2010,5.3
IAP10D0055,2010,7.8
IAP10D0056,2010,2.1
IAP10D0057,2010,4.2
IAP10D0058,2010,5
IAP10D0059,2010,2.1
IAP10D0070,2010,4.2
IAP11A0008,2011,3.6
IAP11A0009,2011,0.9
IAP11A0010,2011,2.1
IAP11A0030,2011,2.1
IAP11A0034,2011,5
IAP11A0035,2011,4.1
IAP11A0036,2011,1.9
IAP11A0038,2011,4.2
IAP11A0039,2011,2.1
IAP11A0043,2011,4.3
IAP11A0044,2011,5.5
IAP11A0046,2011,5.5
IAP11A0048,2011,2.1
IAP11A0053,2011,4.5
IAP11A0055,2011,2.1
IAP11A0058,2011,0.9
IAP11A0081,2011,2.1
IAP11A0082,2011,7.9
IAP11A0202,2011,4.6
IAP11A0203,2011,4.5
IAP11A0208,2011,5.8
IAP11A0209,2011,3.9
IAP11A0210,2011,5.3
IAP11A0212,2011,5.3
IAP11A0216,2011,6.3
IAP11A0217,2011,4.5
IAP11A0219,2011,2.1
IAP11A0220,2011,1.8
IAP11A0224,2011,5
IAP11A0225,2011,5
IAP11A0226,2011,3.3
IAP11A0227,2011,3.3
IAP11A0228,2011,3.8
IAP11A0229,2011,2.1
IAP11A0231,2011,5
IAP11A0232,2011,5.3
IAP11A0233,2011,3.1
IAP11A0234,2011,3.9
IAP11A0236,2011,5.1
IAP11A0237,2011,3.1
IAP11A0238,2011,3
IAP11A0239,2011,4.1
IAP11A0240,2011,5.3
IAP11A0241,2011,3.9
IAP11A0242,2011,2.1
IAP11A0297,2011,6
IAP11A0300,2011,3.9
IAP11A0301,2011,6.3
IAP11A0302,2011,2.7
IAP11A0303,2011,2.8
IAP11A0304,2011,4.3
IAP11A0305,2011,4.1
IAP11A0306,2011,4.8
IAP11A0307,2011,3
IAP11A0308,2011,3.3
IAP11A0309,2011,4.9
IAP11A0311,2011,3.1
IAP11A0312,2011,4.3
IAP11A0314,2011,0.9
IAP11A0315,2011,5.2
IAP11A0316,2011,3.9
IAP11A0317,2011,4.9
IAP11A0320,2011,4.5
IAP11A0328,2011,4.1
IAP11A0329,2011,3.4
IAP11A0330,2011,4.1
IAP11A1006,2011,1.8
IAP11A1124,2011,3.1
IAP11B0030,2011,4.3
IAP11B0032,2011,5
IAP11B0035,2011,3
IAP11B0036,2011,4.5
IAP11B0037,2011,1.9
IAP11B0038,2011,8.7
IAP11B0041,2011,3.1
IAP11B0043,2011,7.9
IAP11B0046,2011,5.1
IAP11B0047,2011,2.1
IAP11B0049,2011,4.6
IAP11B0052,2011,5.3
IAP11B0053,2011,5.9
IAP11B0054,2011,4.1
IAP11B0055,2011,4.9
IAP11B0057,2011,5.7
IAP11B0058,2011,6.2
IAP11B0059,2011,2.5
IAP11B0200,2011,6.1
IAP11B0201,2011,2.1
IAP11B0203,2011,6.4
IAP11B0205,2011,3.3
IAP11B0207,2011,5.5
IAP11B0256,2011,4
IAP11B0257,2011,3.7
IAP11B0258,2011,4
IAP11B0259,2011,3.3
IAP11B0260,2011,3.9
IAP11B0275,2011,4.5
IAP11B0276,2011,5.9
IAP11B0277,2011,4.2
IAP11B0278,2011,5.8
IAP11B0280,2011,6.6
IAP11B0281,2011,3.7
IAP11B0284,2011,5.5
IAP11B0287,2011,4.9
IAP11B0288,2011,6.4
IAP11B0289,2011,3.1
IAP11B0290,2011,5.1
IAP11B0291,2011,2.1
IAP11B0293,2011,5.2
IAP11B0294,2011,2.5
IAP11B0296,2011,4.6
IAP11B0297,2011,4.1
IAP11B0298,2011,3.4
IAP11B0299,2011,3
IAP11B0303,2011,3.3
IAP11B1079,2011,4.3
IAP11C0001,2011,3.8
IAP11C0003,2011,5.5
IAP11C0004,2011,4.8
IAP11C0005,2011,7.2
IAP11C0006,2011,3.8
IAP11C0007,2011,5
IAP11C0008,2011,2.1
IAP11C0009,2011,5.6
IAP11C0010,2011,5.1
IAP11C0030,2011,4.6
IAP11C0031,2011,2.1
IAP11C0032,2011,5.3
IAP11C0033,2011,4.5
IAP11C0034,2011,3.3
IAP11C0035,2011,4.9
IAP11C0036,2011,4.3
IAP11C0037,2011,2.1
IAP11C0038,2011,4.6
IAP11C0039,2011,7.7
IAP11C0040,2011,3.3
IAP11C0041,2011,5.2
IAP11C0042,2011,4.2
IAP11C0043,2011,3.1
IAP11C0045,2011,3.1
IAP11C0046,2011,6.1
IAP11C0047,2011,3.4
IAP11C0048,2011,4.2
IAP11C0049,2011,4.2
IAP11C0051,2011,3.1
IAP11C0052,2011,4
IAP11C0053,2011,4.4
IAP11C0054,2011,6.3
IAP11C0055,2011,4.3
IAP11C0056,2011,2.1
IAP11C0057,2011,2.1
IAP11C0058,2011,4.6
IAP11C0059,2011,3.3
IAP11C0060,2011,4.2
IAP11C0080,2011,5
IAP11C0090,2011,4.2
IAP11D0001,2011,5.5
IAP11D0002,2011,3.1
IAP11D0003,2011,3.1
IAP11D0004,2011,3.7
IAP11D0005,2011,4
IAP11D0006,2011,6.4
IAP11D0007,2011,5.4
IAP11D0009,2011,4.3
IAP11D0010,2011,5.9
IAP11D0030,2011,2.1
IAP11D0031,2011,5
IAP11D0033,2011,5.3
IAP11D0034,2011,4.3
IAP11D0035,2011,4
IAP11D0036,2011,4
IAP11D0037,2011,0.9
IAP11D0038,2011,4.2
IAP11D0039,2011,3.9
IAP11D0040,2011,2.9
IAP11D0041,2011,2.1
IAP11D0042,2011,4.3
IAP11D0043,2011,4.5
IAP11D0044,2011,4.2
IAP11D0045,2011,4.5
IAP11D0046,2011,5.2
IAP11D0047,2011,6.2
IAP11D0048,2011,3.9
IAP11D0049,2011,2.9
IAP11D0050,2011,3.1
IAP11D0051,2011,6.1
IAP11D0052,2011,4.2
IAP11D0053,2011,2.1
IAP11D0054,2011,3.3
IAP11D0055,2011,7.8
IAP11D0056,2011,2.1
IAP11D0057,2011,4.2
IAP11D0058,2011,3
IAP11D0059,2011,2.1
IAP11D0060,2011,3.7
IAP11D0070,2011,4.2
IAP12A0008,2012,3.9
IAP12A0010,2012,2.1
IAP12A0030,2012,2.1
IAP12A0034,2012,5.2
IAP12A0035,2012,2.1
IAP12A0036,2012,0.9
IAP12A0038,2012,4.2
IAP12A0039,2012,2.1
IAP12A0043,2012,3.1
IAP12A0044,2012,6
IAP12A0046,2012,6.4
IAP12A0048,2012,2.1
IAP12A0053,2012,4.5
IAP12A0055,2012,2.1
IAP12A0058,2012,0.9
IAP12A0081,2012,2.1
IAP12A0082,2012,8.1
IAP12A0202,2012,4.8
IAP12A0203,2012,4.8
IAP12A0208,2012,5.9
IAP12A0209,2012,4.1
IAP12A0210,2012,4.3
IAP12A0212,2012,4.3
IAP12A0216,2012,6.8
IAP12A0217,2012,4.5
IAP12A0219,2012,2.1
IAP12A0220,2012,1.8
IAP12A0224,2012,5.4
IAP12A0225,2012,5.1
IAP12A0226,2012,4.2
IAP12A0227,2012,3.3
IAP12A0228,2012,3.8
IAP12A0229,2012,2.1
IAP12A0231,2012,5.2
IAP12A0232,2012,5.5
IAP12A0233,2012,2.1
IAP12A0234,2012,4.1
IAP12A0236,2012,2.1
IAP12A0237,2012,3.8
IAP12A0238,2012,3
IAP12A0239,2012,4
IAP12A0240,2012,6.1
IAP12A0241,2012,3.1
IAP12A0242,2012,2.1
IAP12A0297,2012,6.1
IAP12A0300,2012,4.1
IAP12A0301,2012,6.6
IAP12A0302,2012,2.7
IAP12A0303,2012,2.8
IAP12A0304,2012,4.3
IAP12A0305,2012,4.1
IAP12A0307,2012,3.5
IAP12A0308,2012,3.3
IAP12A0309,2012,5.1
IAP12A0311,2012,3.3
IAP12A0312,2012,4.6
IAP12A0314,2012,0.9
IAP12A0315,2012,5.2
IAP12A0316,2012,3.9
IAP12A0317,2012,4.9
IAP12A0328,2012,4.1
IAP12A0329,2012,3.4
IAP12A0330,2012,4.1
IAP12A0333,2012,3.3
IAP12A0334,2012,3
IAP12A1006,2012,1.8
IAP12B0030,2012,4.3
IAP12B0032,2012,5.5
IAP12B0035,2012,3
IAP12B0036,2012,4.5
IAP12B0037,2012,1.9
IAP12B0038,2012,9.2
IAP12B0041,2012,3.1
IAP12B0043,2012,8
IAP12B0046,2012,5.2
IAP12B0047,2012,2.1
IAP12B0049,2012,4.6
IAP12B0052,2012,5.3
IAP12B0053,2012,5.9
IAP12B0054,2012,4.1
IAP12B0055,2012,5.1
IAP12B0057,2012,5.7
IAP12B0058,2012,6.2
IAP12B0059,2012,2.9
IAP12B0200,2012,6.2
IAP12B0201,2012,2.1
IAP12B0203,2012,5.4
IAP12B0207,2012,4.5
IAP12B0256,2012,4
IAP12B0257,2012,4.3
IAP12B0258,2012,4
IAP12B0260,2012,3.9
IAP12B0275,2012,4.5
IAP12B0276,2012,5.9
IAP12B0277,2012,4.2
IAP12B0278,2012,5.8
IAP12B0280,2012,7.5
IAP12B0281,2012,3.7
IAP12B0284,2012,6.4
IAP12B0287,2012,4.7
IAP12B0288,2012,6.8
IAP12B0289,2012,2.1
IAP12B0290,2012,5.3
IAP12B0291,2012,2.1
IAP12B0293,2012,5.2
IAP12B0294,2012,2.5
IAP12B0296,2012,3.6
IAP12B0297,2012,3.1
IAP12B0298,2012,2.3
IAP12B0299,2012,3.1
IAP12B0303,2012,3.4
IAP12B1079,2012,4.3
IAP12C0001,2012,3.9
IAP12C0003,2012,6
IAP12C0004,2012,5.1
IAP12C0005,2012,7.2
IAP12C0006,2012,4.1
IAP12C0007,2012,5
IAP12C0008,2012,2.1
IAP12C0009,2012,5.6
IAP12C0010,2012,5.3
IAP12C0030,2012,4.6
IAP12C0031,2012,2.1
IAP12C0032,2012,4.3
IAP12C0033,2012,4.5
IAP12C0034,2012,3.3
IAP12C0035,2012,3.9
IAP12C0036,2012,4.5
IAP12C0038,2012,4.6
IAP12C0039,2012,7.7
IAP12C0040,2012,3.3
IAP12C0041,2012,5.4
IAP12C0042,2012,4.2
IAP12C0043,2012,3.1
IAP12C0045,2012,2.1
IAP12C0046,2012,5.3
IAP12C0047,2012,3.4
IAP12C0048,2012,4.2
IAP12C0049,2012,4.2
IAP12C0052,2012,4
IAP12C0053,2012,4.9
IAP12C0054,2012,6.3
IAP12C0055,2012,4.2
IAP12C0056,2012,2.1
IAP12C0057,2012,2.1
IAP12C0058,2012,5
IAP12C0059,2012,3.3
IAP12C0060,2012,4.5
IAP12C0070,2012,5.3
IAP12C0080,2012,5
IAP12C0090,2012,4.2
IAP12C0091,2012,3.1
IAP12D0001,2012,5.6
IAP12D0002,2012,3.1
IAP12D0003,2012,3.1
IAP12D0004,2012,3.7
IAP12D0005,2012,4
IAP12D0006,2012,7.3
IAP12D0007,2012,5.4
IAP12D0009,2012,3.3
IAP12D0010,2012,6.3
IAP12D0030,2012,2.1
IAP12D0031,2012,5.1
IAP12D0033,2012,4.3
IAP12D0034,2012,4.4
IAP12D0035,2012,3
IAP12D0036,2012,4
IAP12D0037,2012,0.9
IAP12D0038,2012,4.2
IAP12D0039,2012,3.9
IAP12D0040,2012,2.9
IAP12D0041,2012,2.1
IAP12D0042,2012,3.3
IAP12D0043,2012,4.5
IAP12D0044,2012,4.2
IAP12D0045,2012,5.4
IAP12D0046,2012,4.2
IAP12D0047,2012,6.2
IAP12D0048,2012,3.9
IAP12D0049,2012,2.9
IAP12D0050,2012,2.1
IAP12D0051,2012,6.1
IAP12D0052,2012,4.2
IAP12D0053,2012,2.1
IAP12D0054,2012,3.3
IAP12D0055,2012,8.7
IAP12D0056,2012,2.1
IAP12D0057,2012,4.2
IAP12D0058,2012,3
IAP12D0059,2012,2.1
IAP12D0060,2012,3.7
IAP12D0070,2012,4.3
IAP13A0008,2013,4
IAP13A0010,2013,2
IAP13A0030,2013,2
IAP13A0034,2013,5
IAP13A0035,2013,2
IAP13A0036,2013,1
IAP13A0038,2013,4
IAP13A0039,2013,2
IAP13A0043,2013,2
IAP13A0044,2013,3
IAP13A0046,2013,6
IAP13A0048,2013,3
IAP13A0053,2013,4
IAP13A0055,2013,2
IAP13A0058,2013,1
IAP13A0081,2013,2
IAP13A0082,2013,2
IAP13A0202,2013,5
IAP13A0203,2013,5
IAP13A0208,2013,7
IAP13A0209,2013,4
IAP13A0210,2013,3
IAP13A0212,2013,4
IAP13A0216,2013,7
IAP13A0217,2013,4
IAP13A0219,2013,2
IAP13A0220,2013,2
IAP13A0224,2013,7
IAP13A0225,2013,4
IAP13A0226,2013,5
IAP13A0227,2013,3
IAP13A0228,2013,4
IAP13A0229,2013,2
IAP13A0231,2013,5
IAP13A0232,2013,5
IAP13A0233,2013,2
IAP13A0234,2013,4
IAP13A0236,2013,2
IAP13A0237,2013,5
IAP13A0238,2013,4
IAP13A0239,2013,4
IAP13A0240,2013,6
IAP13A0241,2013,4
IAP13A0242,2013,2
IAP13A0297,2013,5
IAP13A0300,2013,4
IAP13A0301,2013,6
IAP13A0302,2013,3
IAP13A0303,2013,3
IAP13A0304,2013,4
IAP13A0305,2013,4
IAP13A0307,2013,4
IAP13A0308,2013,3
IAP13A0309,2013,5
IAP13A0311,2013,3
IAP13A0312,2013,5
IAP13A0314,2013,1
IAP13A0315,2013,4
IAP13A0316,2013,4
IAP13A0317,2013,5
IAP13A0328,2013,4
IAP13A0329,2013,4
IAP13A0330,2013,4
IAP13A0333,2013,3
IAP13A1006,2013,2
IAP13B0030,2013,5
IAP13B0032,2013,7
IAP13B0035,2013,3
IAP13B0036,2013,5
IAP13B0037,2013,2
IAP13B0038,2013,11
IAP13B0041,2013,3
IAP13B0043,2013,10
IAP13B0046,2013,4
IAP13B0047,2013,2
IAP13B0049,2013,5
IAP13B0052,2013,6
IAP13B0053,2013,7
IAP13B0054,2013,4
IAP13B0055,2013,5
IAP13B0057,2013,6
IAP13B0058,2013,6
IAP13B0059,2013,4
IAP13B0200,2013,8
IAP13B0201,2013,2
IAP13B0203,2013,6
IAP13B0207,2013,4
IAP13B0256,2013,4
IAP13B0257,2013,5
IAP13B0258,2013,5
IAP13B0260,2013,4
IAP13B0275,2013,4
IAP13B0276,2013,6
IAP13B0277,2013,4
IAP13B0278,2013,6
IAP13B0280,2013,9
IAP13B0281,2013,4
IAP13B0284,2013,7
IAP13B0287,2013,4
IAP13B0288,2013,7
IAP13B0289,2013,2
IAP13B0290,2013,6
IAP13B0291,2013,2
IAP13B0293,2013,6
IAP13B0294,2013,3
IAP13B0296,2013,4
IAP13B0297,2013,3
IAP13B0298,2013,2
IAP13B0299,2013,4
IAP13B0303,2013,4
IAP13B1079,2013,4
IAP13C0001,2013,5
IAP13C0003,2013,6
IAP13C0004,2013,4
IAP13C0005,2013,7
IAP13C0006,2013,5
IAP13C0007,2013,5
IAP13C0008,2013,2
IAP13C0009,2013,6
IAP13C0010,2013,5
IAP13C0030,2013,6
IAP13C0031,2013,2
IAP13C0032,2013,5
IAP13C0033,2013,4
IAP13C0034,2013,3
IAP13C0035,2013,4
IAP13C0036,2013,4
IAP13C0038,2013,5
IAP13C0039,2013,8
IAP13C0040,2013,3
IAP13C0041,2013,6
IAP13C0042,2013,4
IAP13C0043,2013,3
IAP13C0045,2013,4
IAP13C0046,2013,6
IAP13C0047,2013,4
IAP13C0048,2013,5
IAP13C0049,2013,5
IAP13C0052,2013,4
IAP13C0053,2013,5
IAP13C0054,2013,7
IAP13C0055,2013,4
IAP13C0056,2013,2
IAP13C0057,2013,2
IAP13C0058,2013,6
IAP13C0059,2013,3
IAP13C0060,2013,5
IAP13C0070,2013,5
IAP13C0080,2013,5
IAP13C0090,2013,4
IAP13C0091,2013,3
IAP13C0200,2013,2
IAP13D0001,2013,5
IAP13D0002,2013,4
IAP13D0003,2013,3
IAP13D0004,2013,4
IAP13D0005,2013,4
IAP13D0006,2013,9
IAP13D0007,2013,6
IAP13D0009,2013,3
IAP13D0010,2013,7
IAP13D0030,2013,2
IAP13D0031,2013,6
IAP13D0033,2013,4
IAP13D0034,2013,4
IAP13D0035,2013,3
IAP13D0036,2013,4
IAP13D0037,2013,1
IAP13D0038,2013,4
IAP13D0039,2013,5
IAP13D0040,2013,3
IAP13D0041,2013,2
IAP13D0042,2013,4
IAP13D0043,2013,4
IAP13D0044,2013,4
IAP13D0045,2013,6
IAP13D0046,2013,4
IAP13D0047,2013,6
IAP13D0048,2013,4
IAP13D0049,2013,3
IAP13D0050,2013,2
IAP13D0051,2013,6
IAP13D0052,2013,4
IAP13D0053,2013,2
IAP13D0054,2013,3
IAP13D0055,2013,8
IAP13D0056,2013,2
IAP13D0057,2013,4
IAP13D0058,2013,3
IAP13D0059,2013,2
IAP13D0060,2013,4
IAP13D0070,2013,3
IAP14C0001,2014,5
IAP14C0003,2014,6
IAP14C0004,2014,4
IAP14C0005,2014,6
IAP14C0006,2014,5
IAP14C0007,2014,3
IAP14C0008,2014,2
IAP14C0009,2014,6
IAP14C0010,2014,5
IAP14C0030,2014,6
IAP14C0031,2014,3
IAP14C0032,2014,5
IAP14C0033,2014,4
IAP14C0034,2014,3
IAP14C0035,2014,4
IAP14C0036,2014,6
IAP14C0038,2014,5
IAP14C0039,2014,8
IAP14C0040,2014,3
IAP14C0041,2014,7
IAP14C0042,2014,2
IAP14C0043,2014,2
IAP14C0045,2014,4
IAP14C0046,2014,6
IAP14C0047,2014,4
IAP14C0048,2014,5
IAP14C0049,2014,5
IAP14C0052,2014,4
IAP14C0053,2014,5
IAP14C0054,2014,7
IAP14C0055,2014,4
IAP14C0056,2014,2
IAP14C0057,2014,2
IAP14C0058,2014,7
IAP14C0059,2014,3
IAP14C0060,2014,5
IAP14C0070,2014,5
IAP14C0080,2014,5
IAP14C0090,2014,4
IAP14C0091,2014,3
IAP14C0200,2014,3
IAP14C0201,2014,3
IAP14D0001,2014,5
IAP14D0002,2014,4
IAP14D0003,2014,3
IAP14D0004,2014,4
IAP14D0005,2014,4
IAP14D0006,2014,9
IAP14D0007,2014,6
IAP14D0009,2014,4
IAP14D0010,2014,7
IAP14D0030,2014,2
IAP14D0031,2014,6
IAP14D0033,2014,4
IAP14D0034,2014,5
IAP14D0035,2014,7
IAP14D0036,2014,4
IAP14D0037,2014,1
IAP14D0038,2014,4
IAP14D0039,2014,5
IAP14D0040,2014,3
IAP14D0041,2014,2
IAP14D0042,2014,5
IAP14D0043,2014,4
IAP14D0044,2014,4
IAP14D0045,2014,6
IAP14D0046,2014,4
IAP14D0047,2014,6
IAP14D0048,2014,4
IAP14D0049,2014,3
IAP14D0050,2014,2
IAP14D0051,2014,6
IAP14D0052,2014,4
IAP14D0053,2014,2
IAP14D0054,2014,3
IAP14D0055,2014,6
IAP14D0056,2014,2
IAP14D0057,2014,3
IAP14D0058,2014,2
IAP14D0059,2014,2
IAP14D0060,2014,4
IAP14D0070,2014,3
IAP14D0200,2014,4
IAP14D0201,2014,2
IGJ10A0001,2010,7.2
IGJ10A0002,2010,5.1
IGJ10A0003,2010,2.1
IGJ10A0004,2010,3
IGJ10A0005,2010,3
IGJ10A0006,2010,2.1
IGJ10A0007,2010,7.2
IGJ10A0008,2010,6
IGJ10A0009,2010,4.2
IGJ10A0010,2010,4.5
IGJ10A0030,2010,5.4
IGJ10A0031,2010,8.4
IGJ10A0032,2010,8.4
IGJ10A0033,2010,3
IGJ10A0034,2010,6.6
IGJ10A0035,2010,5.4
IGJ10A0036,2010,6.6
IGJ10A0037,2010,6.6
IGJ10A0038,2010,5.1
IGJ10A0039,2010,7
IGJ10A0040,2010,5.4
IGJ10A0041,2010,8.4
IGJ10A0042,2010,4.2
IGJ10A0043,2010,7.2
IGJ10A0044,2010,7.2
IGJ10A0045,2010,6.3
IGJ10A0046,2010,5.1
IGJ10A0047,2010,5.1
IGJ10A0048,2010,3
IGJ10A0049,2010,5.1
IGJ10A0050,2010,4.3
IGJ10A0051,2010,4
IGJ10A0052,2010,4.5
IGJ10A0053,2010,6.6
IGJ10A0054,2010,7.2
IGJ10A0055,2010,4.2
IGJ10A0056,2010,6.1
IGJ10A0057,2010,7.2
IGJ10A0058,2010,10.3
IGJ10A0059,2010,6.6
IGJ10B0001,2010,10.2
IGJ10B0002,2010,12.9
IGJ10B0003,2010,4.2
IGJ10B0004,2010,5.4
IGJ10B0005,2010,6.3
IGJ10B0006,2010,4.2
IGJ10B0007,2010,4.2
IGJ10B0008,2010,3.9
IGJ10B0009,2010,6.3
IGJ10B0010,2010,3.3
IGJ10B0030,2010,6.9
IGJ10B0031,2010,6.3
IGJ10B0032,2010,7.5
IGJ10B0033,2010,6
IGJ10B0034,2010,9.9
IGJ10B0035,2010,6
IGJ10B0036,2010,8.7
IGJ10B0037,2010,5.4
IGJ10B0038,2010,8.1
IGJ10B0039,2010,11.5
IGJ10B0040,2010,9.6
IGJ10B0041,2010,5.1
IGJ10B0042,2010,4.2
IGJ10B0043,2010,4.2
IGJ10B0044,2010,4.5
IGJ10B0045,2010,3.3
IGJ10B0046,2010,2.1
IGJ10B0047,2010,4.2
IGJ10B0048,2010,6.6
IGJ10B0049,2010,7.2
IGJ10B0050,2010,11.2
IGJ10B0051,2010,3.3
IGJ10B0052,2010,9.6
IGJ10B0053,2010,5.1
IGJ10B0054,2010,10.8
IGJ10B0055,2010,9.3
IGJ10B0056,2010,7.5
IGJ10B0057,2010,9.3
IGJ10B0058,2010,6
IGJ10B0059,2010,10.3
IGJ10C0001,2010,4.2
IGJ10C0002,2010,5.4
IGJ10C0003,2010,7.8
IGJ10C0004,2010,5.1
IGJ10C0005,2010,3.9
IGJ10C0006,2010,3.3
IGJ10C0007,2010,5.4
IGJ10C0008,2010,4.2
IGJ10C0009,2010,6.6
IGJ10C0010,2010,7.5
IGJ10C0030,2010,5.1
IGJ10C0031,2010,4.5
IGJ10C0032,2010,7.5
IGJ10C0033,2010,8.5
IGJ10C0034,2010,5.2
IGJ10C0035,2010,4.5
IGJ10C0036,2010,5.1
IGJ10C0037,2010,6
IGJ10C0038,2010,6.3
IGJ10C0039,2010,6.3
IGJ10C0040,2010,4.2
IGJ10C0041,2010,5.1
IGJ10C0042,2010,5.4
IGJ10C0043,2010,7.5
IGJ10C0044,2010,7.2
IGJ10C0045,2010,4.2
IGJ10C0046,2010,6.3
IGJ10C0047,2010,4.2
IGJ10C0048,2010,6.6
IGJ10C0049,2010,7.5
IGJ10C0050,2010,7.5
IGJ10C0051,2010,10.5
IGJ10C0052,2010,5.1
IGJ10C0053,2010,8.4
IGJ10C0054,2010,7.8
IGJ10C0055,2010,10
IGJ10C0056,2010,13.2
IGJ10C0057,2010,9.6
IGJ10C0058,2010,6.3
IGJ10C0059,2010,13.8
IGJ10D0001,2010,9
IGJ10D0002,2010,6
IGJ10D0003,2010,9.3
IGJ10D0004,2010,3.9
IGJ10D0005,2010,6
IGJ10D0006,2010,5.7
IGJ10D0007,2010,2.1
IGJ10D0008,2010,4.2
IGJ10D0009,2010,5.1
IGJ10D0010,2010,6.3
IGJ10D0030,2010,4.2
IGJ10D0031,2010,5.1
IGJ10D0032,2010,5.1
IGJ10D0033,2010,5.4
IGJ10D0034,2010,4.2
IGJ10D0035,2010,7.5
IGJ10D0036,2010,3.9
IGJ10D0037,2010,5.4
IGJ10D0038,2010,6.3
IGJ10D0039,2010,5.1
IGJ10D0040,2010,2.1
IGJ10D0041,2010,5.4
IGJ10D0042,2010,5.7
IGJ10D0043,2010,7.8
IGJ10D0044,2010,6.3
IGJ10D0045,2010,2.1
IGJ10D0046,2010,6.3
IGJ10D0047,2010,4.2
IGJ10D0048,2010,5.4
IGJ10D0049,2010,5.4
IGJ10D0050,2010,14.1
IGJ10D0051,2010,6.6
IGJ10D0052,2010,5.1
IGJ10D0053,2010,4.5
IGJ10D0054,2010,5.1
IGJ10D0055,2010,5.4
IGJ10D0056,2010,4.2
IGJ10D0057,2010,8.4
IGJ10D0058,2010,6.6
IGJ10D0059,2010,5.4
IGJ11A0001,2011,6.3
IGJ11A0002,2011,4
IGJ11A0003,2011,2.1
IGJ11A0004,2011,2.6
IGJ11A0005,2011,2.9
IGJ11A0006,2011,2.5
IGJ11A0007,2011,7.1
IGJ11A0008,2011,5.7
IGJ11A0009,2011,3.5
IGJ11A0010,2011,4.1
IGJ11A0030,2011,3.9
IGJ11A0031,2011,6.8
IGJ11A0032,2011,7.6
IGJ11A0033,2011,3
IGJ11A0034,2011,6.3
IGJ11A0035,2011,5.1
IGJ11A0036,2011,5.4
IGJ11A0037,2011,6.4
IGJ11A0038,2011,5
IGJ11A0039,2011,5
IGJ11A0040,2011,5.2
IGJ11A0041,2011,6.2
IGJ11A0042,2011,4.6
IGJ11A0043,2011,6.5
IGJ11A0044,2011,6.5
IGJ11A0045,2011,5.1
IGJ11A0046,2011,4.9
IGJ11A0047,2011,5.1
IGJ11A0048,2011,3.4
IGJ11A0049,2011,4
IGJ11A0050,2011,5.2
IGJ11A0051,2011,4.2
IGJ11A0052,2011,4.1
IGJ11A0053,2011,5.1
IGJ11A0054,2011,7
IGJ11A0055,2011,4.2
IGJ11A0056,2011,2.1
IGJ11A0057,2011,5.8
IGJ11A0058,2011,5.5
IGJ11A0059,2011,5.8
IGJ11B0001,2011,8.4
IGJ11B0002,2011,11.3
IGJ11B0003,2011,4.2
IGJ11B0004,2011,3.8
IGJ11B0005,2011,5
IGJ11B0006,2011,4.1
IGJ11B0007,2011,3.4
IGJ11B0008,2011,3
IGJ11B0009,2011,5.4
IGJ11B0010,2011,3.3
IGJ11B0030,2011,6.3
IGJ11B0031,2011,5.4
IGJ11B0032,2011,6.3
IGJ11B0033,2011,5.9
IGJ11B0034,2011,9.1
IGJ11B0035,2011,5.2
IGJ11B0036,2011,7.5
IGJ11B0037,2011,4.5
IGJ11B0038,2011,7.8
IGJ11B0039,2011,8.3
IGJ11B0040,2011,8.4
IGJ11B0041,2011,4.9
IGJ11B0042,2011,4.2
IGJ11B0043,2011,3
IGJ11B0044,2011,3.7
IGJ11B0045,2011,3.3
IGJ11B0046,2011,2.1
IGJ11B0047,2011,4.3
IGJ11B0048,2011,6.7
IGJ11B0049,2011,6.7
IGJ11B0050,2011,9.2
IGJ11B0051,2011,3.3
IGJ11B0052,2011,9.7
IGJ11B0053,2011,5
IGJ11B0054,2011,8.6
IGJ11B0055,2011,8.3
IGJ11B0056,2011,6.7
IGJ11B0057,2011,8.7
IGJ11B0058,2011,5.1
IGJ11B0059,2011,8
IGJ11C0001,2011,3.9
IGJ11C0002,2011,5.3
IGJ11C0003,2011,6.7
IGJ11C0004,2011,4.6
IGJ11C0005,2011,3
IGJ11C0006,2011,3.3
IGJ11C0007,2011,5.1
IGJ11C0008,2011,3.6
IGJ11C0009,2011,6.7
IGJ11C0010,2011,6.3
IGJ11C0030,2011,5.2
IGJ11C0031,2011,4.3
IGJ11C0032,2011,7.1
IGJ11C0033,2011,7.4
IGJ11C0034,2011,3
IGJ11C0035,2011,3.4
IGJ11C0036,2011,5
IGJ11C0037,2011,4.7
IGJ11C0038,2011,5.6
IGJ11C0039,2011,5.5
IGJ11C0040,2011,4.2
IGJ11C0041,2011,5.5
IGJ11C0042,2011,4.7
IGJ11C0043,2011,6.7
IGJ11C0044,2011,7.2
IGJ11C0045,2011,4.3
IGJ11C0046,2011,5.9
IGJ11C0047,2011,4.2
IGJ11C0048,2011,5.8
IGJ11C0049,2011,6.6
IGJ11C0050,2011,5.7
IGJ11C0051,2011,8.4
IGJ11C0052,2011,5.1
IGJ11C0053,2011,7.9
IGJ11C0054,2011,5.5
IGJ11C0055,2011,2.9
IGJ11C0056,2011,13.4
IGJ11C0057,2011,8.1
IGJ11C0058,2011,6.2
IGJ11C0059,2011,12
IGJ11D0001,2011,7.2
IGJ11D0002,2011,4.6
IGJ11D0003,2011,8.6
IGJ11D0004,2011,3.4
IGJ11D0005,2011,5.4
IGJ11D0006,2011,5.5
IGJ11D0007,2011,2.1
IGJ11D0008,2011,4
IGJ11D0009,2011,5
IGJ11D0030,2011,4.1
IGJ11D0031,2011,4.9
IGJ11D0032,2011,5.1
IGJ11D0033,2011,5.5
IGJ11D0034,2011,3.7
IGJ11D0035,2011,6.1
IGJ11D0036,2011,3.4
IGJ11D0037,2011,6.8
IGJ11D0038,2011,6.3
IGJ11D0039,2011,5.2
IGJ11D0040,2011,2.1
IGJ11D0041,2011,5.8
IGJ11D0042,2011,5.3
IGJ11D0043,2011,6.5
IGJ11D0044,2011,6.3
IGJ11D0045,2011,2.1
IGJ11D0046,2011,6.8
IGJ11D0047,2011,4.1
IGJ11D0048,2011,5
IGJ11D0049,2011,5
IGJ11D0050,2011,5.2
IGJ11D0051,2011,5.7
IGJ11D0052,2011,4.3
IGJ11D0053,2011,4.5
IGJ11D0054,2011,5
IGJ11D0055,2011,4.7
IGJ11D0056,2011,4
IGJ11D0057,2011,6.3
IGJ11D0058,2011,6.2
IGJ11D0059,2011,5.6
IGJ11D0200,2011,2.9
IGJ12A0001,2012,6.6
IGJ12A0002,2012,4
IGJ12A0003,2012,2.1
IGJ12A0004,2012,2.6
IGJ12A0005,2012,2.9
IGJ12A0006,2012,2.5
IGJ12A0007,2012,5.1
IGJ12A0008,2012,6.7
IGJ12A0009,2012,3.6
IGJ12A0010,2012,4.1
IGJ12A0030,2012,4
IGJ12A0031,2012,6.8
IGJ12A0032,2012,6.6
IGJ12A0033,2012,3
IGJ12A0034,2012,6.3
IGJ12A0035,2012,5.1
IGJ12A0036,2012,6.1
IGJ12A0037,2012,6.4
IGJ12A0038,2012,5
IGJ12A0039,2012,5.1
IGJ12A0040,2012,5.2
IGJ12A0041,2012,10.8
IGJ12A0042,2012,4.6
IGJ12A0043,2012,7.2
IGJ12A0044,2012,6.5
IGJ12A0045,2012,5.1
IGJ12A0046,2012,4.9
IGJ12A0047,2012,4.1
IGJ12A0048,2012,3.4
IGJ12A0049,2012,4.3
IGJ12A0050,2012,4.2
IGJ12A0051,2012,4.2
IGJ12A0052,2012,4.3
IGJ12A0053,2012,5.1
IGJ12A0054,2012,7.2
IGJ12A0055,2012,3.4
IGJ12A0056,2012,2.1
IGJ12A0057,2012,6.1
IGJ12A0058,2012,5.8
IGJ12A0059,2012,5.9
IGJ12B0001,2012,8.5
IGJ12B0002,2012,11.5
IGJ12B0003,2012,4.6
IGJ12B0004,2012,3.9
IGJ12B0005,2012,5.2
IGJ12B0006,2012,4.1
IGJ12B0007,2012,3.4
IGJ12B0008,2012,3.4
IGJ12B0009,2012,5.4
IGJ12B0010,2012,3.3
IGJ12B0030,2012,7.2
IGJ12B0031,2012,5.6
IGJ12B0032,2012,6.4
IGJ12B0033,2012,5.8
IGJ12B0034,2012,9.6
IGJ12B0035,2012,5.2
IGJ12B0036,2012,7.5
IGJ12B0037,2012,4.7
IGJ12B0038,2012,8
IGJ12B0039,2012,7.7
IGJ12B0040,2012,9
IGJ12B0041,2012,4.1
IGJ12B0042,2012,4.2
IGJ12B0043,2012,3.1
IGJ12B0044,2012,3.9
IGJ12B0045,2012,3.3
IGJ12B0046,2012,2.1
IGJ12B0047,2012,4.2
IGJ12B0048,2012,6.6
IGJ12B0049,2012,6.9
IGJ12B0050,2012,9.4
IGJ12B0051,2012,4.2
IGJ12B0052,2012,9.8
IGJ12B0053,2012,5
IGJ12B0054,2012,8.6
IGJ12B0055,2012,8.5
IGJ12B0056,2012,6.7
IGJ12B0057,2012,8.6
IGJ12B0058,2012,5.1
IGJ12B0059,2012,8
IGJ12C0001,2012,3.9
IGJ12C0002,2012,5.3
IGJ12C0003,2012,7
IGJ12C0004,2012,4.7
IGJ12C0006,2012,3.3
IGJ12C0007,2012,5.1
IGJ12C0008,2012,3.6
IGJ12C0009,2012,6.6
IGJ12C0010,2012,6.4
IGJ12C0030,2012,5.2
IGJ12C0031,2012,4.3
IGJ12C0032,2012,7.1
IGJ12C0033,2012,7.4
IGJ12C0034,2012,3.1
IGJ12C0035,2012,3.4
IGJ12C0036,2012,5
IGJ12C0038,2012,5.6
IGJ12C0039,2012,5.5
IGJ12C0040,2012,4.2
IGJ12C0041,2012,5.6
IGJ12C0042,2012,4.7
IGJ12C0043,2012,6.8
IGJ12C0044,2012,7.2
IGJ12C0045,2012,4.2
IGJ12C0046,2012,5.9
IGJ12C0047,2012,4.2
IGJ12C0048,2012,5.9
IGJ12C0049,2012,6.6
IGJ12C0050,2012,6
IGJ12C0051,2012,9
IGJ12C0052,2012,5.1
IGJ12C0053,2012,8
IGJ12C0054,2012,5.7
IGJ12C0055,2012,3.1
IGJ12C0056,2012,13.1
IGJ12C0057,2012,8.1
IGJ12C0058,2012,6.2
IGJ12C0059,2012,12.1
IGJ12C0200,2012,7.2
IGJ12D0001,2012,6.5
IGJ12D0002,2012,4.7
IGJ12D0003,2012,5.9
IGJ12D0004,2012,3.5
IGJ12D0005,2012,5.7
IGJ12D0006,2012,5.3
IGJ12D0007,2012,2.1
IGJ12D0008,2012,4
IGJ12D0009,2012,5
IGJ12D0030,2012,4.1
IGJ12D0031,2012,4.9
IGJ12D0032,2012,6
IGJ12D0033,2012,4.3
IGJ12D0034,2012,3.9
IGJ12D0035,2012,5.5
IGJ12D0036,2012,3.4
IGJ12D0037,2012,5.6
IGJ12D0038,2012,6.7
IGJ12D0039,2012,4.2
IGJ12D0040,2012,2.1
IGJ12D0041,2012,5.8
IGJ12D0042,2012,5.5
IGJ12D0043,2012,6
IGJ12D0044,2012,6.3
IGJ12D0045,2012,2.1
IGJ12D0046,2012,5.8
IGJ12D0047,2012,4.1
IGJ12D0048,2012,5
IGJ12D0049,2012,4.2
IGJ12D0050,2012,5.2
IGJ12D0051,2012,5.3
IGJ12D0052,2012,4.3
IGJ12D0053,2012,4.5
IGJ12D0054,2012,4.9
IGJ12D0055,2012,4.7
IGJ12D0056,2012,4.2
IGJ12D0057,2012,6.3
IGJ12D0058,2012,6.7
IGJ12D0059,2012,4.6
IGJ12D0200,2012,3.1
IGJ13A0001,2013,7
IGJ13A0002,2013,5
IGJ13A0003,2013,2
IGJ13A0004,2013,3
IGJ13A0005,2013,4
IGJ13A0006,2013,4
IGJ13A0007,2013,5
IGJ13A0008,2013,7
IGJ13A0009,2013,4
IGJ13A0010,2013,4
IGJ13A0030,2013,5
IGJ13A0031,2013,8
IGJ13A0032,2013,7
IGJ13A0033,2013,4
IGJ13A0034,2013,6
IGJ13A0035,2013,6
IGJ13A0036,2013,6
IGJ13A0037,2013,7
IGJ13A0038,2013,5
IGJ13A0039,2013,6
IGJ13A0040,2013,5
IGJ13A0041,2013,12
IGJ13A0042,2013,5
IGJ13A0043,2013,8
IGJ13A0044,2013,8
IGJ13A0045,2013,5
IGJ13A0046,2013,5
IGJ13A0047,2013,4
IGJ13A0048,2013,4
IGJ13A0049,2013,6
IGJ13A0050,2013,4
IGJ13A0051,2013,4
IGJ13A0052,2013,5
IGJ13A0053,2013,6
IGJ13A0054,2013,8
IGJ13A0055,2013,3
IGJ13A0056,2013,2
IGJ13A0057,2013,7
IGJ13A0058,2013,6
IGJ13A0059,2013,6
IGJ13B0001,2013,10
IGJ13B0002,2013,14
IGJ13B0003,2013,6
IGJ13B0004,2013,5
IGJ13B0005,2013,6
IGJ13B0006,2013,4
IGJ13B0007,2013,4
IGJ13B0008,2013,6
IGJ13B0009,2013,6
IGJ13B0010,2013,3
IGJ13B0030,2013,7
IGJ13B0031,2013,8
IGJ13B0032,2013,8
IGJ13B0033,2013,6
IGJ13B0034,2013,10
IGJ13B0035,2013,8
IGJ13B0036,2013,8
IGJ13B0037,2013,6
IGJ13B0038,2013,8
IGJ13B0039,2013,11
IGJ13B0040,2013,10
IGJ13B0041,2013,4
IGJ13B0042,2013,4
IGJ13B0043,2013,5
IGJ13B0044,2013,4
IGJ13B0045,2013,3
IGJ13B0046,2013,2
IGJ13B0047,2013,4
IGJ13B0048,2013,8
IGJ13B0049,2013,8
IGJ13B0050,2013,10
IGJ13B0051,2013,5
IGJ13B0052,2013,10
IGJ13B0053,2013,5
IGJ13B0054,2013,12
IGJ13B0055,2013,11
IGJ13B0056,2013,7
IGJ13B0057,2013,9
IGJ13B0058,2013,6
IGJ13B0059,2013,9
IGJ13C0001,2013,4
IGJ13C0002,2013,5
IGJ13C0003,2013,7
IGJ13C0004,2013,5
IGJ13C0006,2013,3
IGJ13C0007,2013,5
IGJ13C0008,2013,4
IGJ13C0009,2013,6
IGJ13C0010,2013,7
IGJ13C0030,2013,5
IGJ13C0031,2013,4
IGJ13C0032,2013,7
IGJ13C0033,2013,7
IGJ13C0034,2013,4
IGJ13C0035,2013,4
IGJ13C0036,2013,5
IGJ13C0038,2013,6
IGJ13C0039,2013,6
IGJ13C0040,2013,4
IGJ13C0041,2013,7
IGJ13C0042,2013,5
IGJ13C0043,2013,7
IGJ13C0044,2013,7
IGJ13C0045,2013,4
IGJ13C0046,2013,6
IGJ13C0047,2013,4
IGJ13C0048,2013,7
IGJ13C0049,2013,7
IGJ13C0050,2013,7
IGJ13C0051,2013,10
IGJ13C0052,2013,5
IGJ13C0053,2013,8
IGJ13C0054,2013,7
IGJ13C0055,2013,3
IGJ13C0056,2013,6
IGJ13C0057,2013,9
IGJ13C0058,2013,6
IGJ13C0059,2013,13
IGJ13C0200,2013,7
IGJ13D0001,2013,7
IGJ13D0002,2013,6
IGJ13D0003,2013,6
IGJ13D0004,2013,4
IGJ13D0005,2013,6
IGJ13D0006,2013,4
IGJ13D0007,2013,2
IGJ13D0008,2013,4
IGJ13D0009,2013,5
IGJ13D0030,2013,4
IGJ13D0031,2013,5
IGJ13D0032,2013,6
IGJ13D0033,2013,3
IGJ13D0034,2013,4
IGJ13D0035,2013,6
IGJ13D0036,2013,4
IGJ13D0037,2013,5
IGJ13D0038,2013,7
IGJ13D0039,2013,4
IGJ13D0040,2013,2
IGJ13D0041,2013,6
IGJ13D0042,2013,5
IGJ13D0043,2013,6
IGJ13D0044,2013,6
IGJ13D0045,2013,2
IGJ13D0046,2013,6
IGJ13D0047,2013,4
IGJ13D0048,2013,5
IGJ13D0049,2013,4
IGJ13D0050,2013,5
IGJ13D0051,2013,3
IGJ13D0052,2013,5
IGJ13D0053,2013,4
IGJ13D0054,2013,5
IGJ13D0055,2013,5
IGJ13D0056,2013,4
IGJ13D0057,2013,7
IGJ13D0058,2013,7
IGJ13D0059,2013,5
IGJ13D0200,2013,3
IGJ14A0001,2014,7
IGJ14A0003,2014,2
IGJ14A0004,2014,3
IGJ14A0005,2014,4
IGJ14A0006,2014,4
IGJ14A0007,2014,5
IGJ14A0008,2014,7
IGJ14A0010,2014,4
IGJ14A0030,2014,5
IGJ14A0031,2014,8
IGJ14A0032,2014,10
IGJ14A0033,2014,5
IGJ14A0034,2014,8
IGJ14A0035,2014,5
IGJ14A0036,2014,6
IGJ14A0037,2014,7
IGJ14A0038,2014,5
IGJ14A0039,2014,6
IGJ14A0040,2014,6
IGJ14A0041,2014,12
IGJ14A0042,2014,5
IGJ14A0043,2014,8
IGJ14A0044,2014,7
IGJ14A0045,2014,5
IGJ14A0047,2014,6
IGJ14A0048,2014,4
IGJ14A0049,2014,6
IGJ14A0050,2014,4
IGJ14A0051,2014,4
IGJ14A0052,2014,5
IGJ14A0053,2014,6
IGJ14A0054,2014,8
IGJ14A0055,2014,4
IGJ14A0056,2014,2
IGJ14A0057,2014,7
IGJ14A0058,2014,6
IGJ14A0059,2014,6
IGJ14B0001,2014,11
IGJ14B0002,2014,14
IGJ14B0003,2014,6
IGJ14B0004,2014,5
IGJ14B0006,2014,4
IGJ14B0007,2014,4
IGJ14B0008,2014,6
IGJ14B0009,2014,6
IGJ14B0010,2014,3
IGJ14B0030,2014,9
IGJ14B0031,2014,8
IGJ14B0032,2014,8
IGJ14B0033,2014,6
IGJ14B0034,2014,9
IGJ14B0035,2014,8
IGJ14B0036,2014,8
IGJ14B0037,2014,7
IGJ14B0038,2014,8
IGJ14B0039,2014,12
IGJ14B0040,2014,10
IGJ14B0041,2014,4
IGJ14B0042,2014,5
IGJ14B0043,2014,5
IGJ14B0044,2014,4
IGJ14B0046,2014,2
IGJ14B0047,2014,4
IGJ14B0048,2014,7
IGJ14B0049,2014,8
IGJ14B0050,2014,11
IGJ14B0051,2014,6
IGJ14B0052,2014,10
IGJ14B0053,2014,6
IGJ14B0054,2014,12
IGJ14B0055,2014,12
IGJ14B0056,2014,8
IGJ14B0057,2014,7
IGJ14B0058,2014,7
IGJ14B0059,2014,8
IGJ14C0001,2014,4
IGJ14C0002,2014,5
IGJ14C0003,2014,7
IGJ14C0004,2014,5
IGJ14C0006,2014,3
IGJ14C0007,2014,5
IGJ14C0008,2014,4
IGJ14C0009,2014,6
IGJ14C0010,2014,7
IGJ14C0030,2014,5
IGJ14C0031,2014,4
IGJ14C0032,2014,7
IGJ14C0033,2014,7
IGJ14C0034,2014,4
IGJ14C0035,2014,4
IGJ14C0036,2014,5
IGJ14C0038,2014,6
IGJ14C0039,2014,6
IGJ14C0040,2014,3
IGJ14C0041,2014,7
IGJ14C0042,2014,5
IGJ14C0043,2014,6
IGJ14C0044,2014,7
IGJ14C0045,2014,4
IGJ14C0046,2014,6
IGJ14C0047,2014,4
IGJ14C0048,2014,7
IGJ14C0049,2014,7
IGJ14C0050,2014,7
IGJ14C0051,2014,10
IGJ14C0052,2014,3
IGJ14C0053,2014,8
IGJ14C0054,2014,7
IGJ14C0055,2014,3
IGJ14C0056,2014,6
IGJ14C0057,2014,9
IGJ14C0058,2014,6
IGJ14C0059,2014,12
IGJ14C0200,2014,7
IGJ14D0001,2014,7
IGJ14D0002,2014,6
IGJ14D0003,2014,6
IGJ14D0005,2014,6
IGJ14D0006,2014,4
IGJ14D0007,2014,2
IGJ14D0008,2014,4
IGJ14D0009,2014,5
IGJ14D0030,2014,4
IGJ14D0031,2014,5
IGJ14D0032,2014,6
IGJ14D0033,2014,3
IGJ14D0034,2014,4
IGJ14D0035,2014,6
IGJ14D0036,2014,5
IGJ14D0037,2014,5
IGJ14D0038,2014,7
IGJ14D0039,2014,4
IGJ14D0040,2014,2
IGJ14D0041,2014,6
IGJ14D0042,2014,5
IGJ14D0043,2014,6
IGJ14D0044,2014,8
IGJ14D0045,2014,2
IGJ14D0046,2014,6
IGJ14D0047,2014,4
IGJ14D0048,2014,5
IGJ14D0049,2014,4
IGJ14D0050,2014,5
IGJ14D0051,2014,3
IGJ14D0052,2014,5
IGJ14D0053,2014,4
IGJ14D0054,2014,5
IGJ14D0055,2014,5
IGJ14D0056,2014,4
IGJ14D0057,2014,7
IGJ14D0058,2014,7
IGJ14D0059,2014,5
IGJ14D0200,2014,3
IKN10A0001,2010,4.2
IKN10A0003,2010,2.1
IKN10A0004,2010,3.9
IKN10A0005,2010,4.5
IKN10A0006,2010,4.5
IKN10A0007,2010,5.1
IKN10A0008,2010,4.2
IKN10A0009,2010,4.2
IKN10A0010,2010,4.5
IKN10A0030,2010,5.4
IKN10A0031,2010,3.3
IKN10A0032,2010,5.1
IKN10A0033,2010,6.3
IKN10A0034,2010,4.2
IKN10A0035,2010,6.3
IKN10A0036,2010,5.7
IKN10A0037,2010,3.9
IKN10A0038,2010,5.7
IKN10A0039,2010,3.3
IKN10A0040,2010,5.5
IKN10A0041,2010,4.2
IKN10A0042,2010,9.3
IKN10A0043,2010,6.3
IKN10A0044,2010,4.2
IKN10A0045,2010,3.3
IKN10A0046,2010,5.1
IKN10A0047,2010,4.2
IKN10A0048,2010,6.9
IKN10A0049,2010,4.3
IKN10A0050,2010,6.3
IKN10A0051,2010,5.4
IKN10A0052,2010,4.9
IKN10A0053,2010,3.3
IKN10A0054,2010,5.1
IKN10A0055,2010,6
IKN10A0056,2010,4.2
IKN10A0057,2010,12.1
IKN10A0058,2010,6.2
IKN10A0059,2010,9.3
IKN10A0060,2010,4.5
IKN10B0001,2010,7.5
IKN10B0002,2010,4.5
IKN10B0003,2010,4.5
IKN10B0004,2010,5.4
IKN10B0005,2010,3
IKN10B0006,2010,19.5
IKN10B0007,2010,10.2
IKN10B0008,2010,5.4
IKN10B0009,2010,1.8
IKN10B0010,2010,3
IKN10B0030,2010,3.3
IKN10B0031,2010,4.2
IKN10B0032,2010,4.2
IKN10B0033,2010,5.1
IKN10B0034,2010,3.3
IKN10B0035,2010,4.2
IKN10B0036,2010,4.5
IKN10B0037,2010,4.5
IKN10B0038,2010,6.6
IKN10B0039,2010,4.5
IKN10B0040,2010,5.7
IKN10B0041,2010,5.7
IKN10B0042,2010,9
IKN10B0043,2010,11.2
IKN10B0044,2010,7.2
IKN10B0045,2010,9
IKN10B0046,2010,5.4
IKN10B0047,2010,3.3
IKN10B0048,2010,7.5
IKN10B0049,2010,6.3
IKN10B0050,2010,5.7
IKN10B0051,2010,15.7
IKN10B0052,2010,5.7
IKN10B0053,2010,15.7
IKN10B0054,2010,7.2
IKN10B0055,2010,6.1
IKN10B0056,2010,6.3
IKN10B0057,2010,5.4
IKN10B0058,2010,2.1
IKN10B0059,2010,14.7
IKN10C0001,2010,3.9
IKN10C0002,2010,5.8
IKN10C0003,2010,7.5
IKN10C0004,2010,9
IKN10C0005,2010,7.5
IKN10C0006,2010,3
IKN10C0007,2010,5.1
IKN10C0008,2010,5.5
IKN10C0009,2010,2.1
IKN10C0010,2010,10.5
IKN10C0030,2010,6.9
IKN10C0031,2010,4.5
IKN10C0032,2010,5.1
IKN10C0033,2010,8.5
IKN10C0034,2010,7.8
IKN10C0035,2010,2.1
IKN10C0036,2010,4.2
IKN10C0037,2010,7.2
IKN10C0038,2010,5.4
IKN10C0039,2010,7.2
IKN10C0040,2010,5.4
IKN10C0041,2010,3
IKN10C0042,2010,6.6
IKN10C0043,2010,6.1
IKN10C0044,2010,7.8
IKN10C0045,2010,5.4
IKN10C0046,2010,5.4
IKN10C0047,2010,6
IKN10C0048,2010,7.2
IKN10C0049,2010,8.7
IKN10C0050,2010,4.2
IKN10C0051,2010,3.3
IKN10C0052,2010,4.5
IKN10C0053,2010,7.2
IKN10C0054,2010,6.3
IKN10C0055,2010,5.1
IKN10C0056,2010,6.3
IKN10C0057,2010,2.1
IKN10C0058,2010,7.5
IKN10C0059,2010,5.4
IKN10D0001,2010,5.1
IKN10D0002,2010,5.1
IKN10D0003,2010,4.5
IKN10D0004,2010,3.3
IKN10D0005,2010,4.2
IKN10D0006,2010,5.1
IKN10D0007,2010,3.9
IKN10D0008,2010,2.1
IKN10D0009,2010,4.2
IKN10D0010,2010,2.1
IKN10D0030,2010,5.7
IKN10D0031,2010,4.5
IKN10D0032,2010,6.3
IKN10D0033,2010,6.3
IKN10D0034,2010,4.5
IKN10D0035,2010,4
IKN10D0036,2010,4.2
IKN10D0037,2010,4.6
IKN10D0038,2010,5.4
IKN10D0039,2010,4.2
IKN10D0040,2010,6
IKN10D0041,2010,3.3
IKN10D0042,2010,5.2
IKN10D0043,2010,4.3
IKN10D0044,2010,7.5
IKN10D0045,2010,4.2
IKN10D0046,2010,7.2
IKN10D0047,2010,5.1
IKN10D0048,2010,4.3
IKN10D0049,2010,7.2
IKN10D0050,2010,6.3
IKN10D0051,2010,4.5
IKN10D0052,2010,6.3
IKN10D0053,2010,4.2
IKN10D0054,2010,4.2
IKN10D0055,2010,7.3
IKN10D0056,2010,6
IKN10D0057,2010,6.6
IKN10D0058,2010,4.5
IKN10D0059,2010,18.2
IKN11A0001,2011,3.4
IKN11A0003,2011,1.9
IKN11A0004,2011,3
IKN11A0005,2011,4.1
IKN11A0006,2011,4.1
IKN11A0007,2011,5
IKN11A0008,2011,4.1
IKN11A0009,2011,4.3
IKN11A0010,2011,4.5
IKN11A0030,2011,5.3
IKN11A0031,2011,3.3
IKN11A0032,2011,5.1
IKN11A0033,2011,6
IKN11A0034,2011,4.2
IKN11A0035,2011,5.6
IKN11A0036,2011,6
IKN11A0037,2011,3.4
IKN11A0038,2011,6.4
IKN11A0039,2011,4.2
IKN11A0040,2011,4.5
IKN11A0041,2011,3.4
IKN11A0042,2011,9.3
IKN11A0043,2011,6.7
IKN11A0044,2011,4
IKN11A0045,2011,3.3
IKN11A0046,2011,4.2
IKN11A0047,2011,3.8
IKN11A0048,2011,7.5
IKN11A0049,2011,3.3
IKN11A0050,2011,5.5
IKN11A0051,2011,5.2
IKN11A0052,2011,4.1
IKN11A0053,2011,3.1
IKN11A0054,2011,4.4
IKN11A0055,2011,5.8
IKN11A0056,2011,4.3
IKN11A0057,2011,10.7
IKN11A0058,2011,4.3
IKN11A0059,2011,9.7
IKN11A0060,2011,3.4
IKN11B0001,2011,6.7
IKN11B0002,2011,4.3
IKN11B0003,2011,4.3
IKN11B0004,2011,5.4
IKN11B0005,2011,3
IKN11B0006,2011,17.6
IKN11B0007,2011,7.7
IKN11B0008,2011,5.5
IKN11B0009,2011,1.8
IKN11B0010,2011,3
IKN11B0030,2011,3.3
IKN11B0031,2011,4.1
IKN11B0032,2011,4.1
IKN11B0033,2011,5.2
IKN11B0034,2011,3.3
IKN11B0035,2011,3.1
IKN11B0036,2011,4.3
IKN11B0037,2011,4.1
IKN11B0038,2011,6.3
IKN11B0039,2011,3.8
IKN11B0040,2011,5.1
IKN11B0041,2011,5.5
IKN11B0042,2011,7.2
IKN11B0043,2011,8.3
IKN11B0044,2011,5.7
IKN11B0045,2011,8.1
IKN11B0046,2011,6.2
IKN11B0047,2011,4.2
IKN11B0048,2011,7.1
IKN11B0049,2011,5.9
IKN11B0050,2011,5.7
IKN11B0051,2011,9.1
IKN11B0052,2011,4.9
IKN11B0053,2011,11
IKN11B0054,2011,6.3
IKN11B0055,2011,2.1
IKN11B0056,2011,5.1
IKN11B0057,2011,6.4
IKN11B0058,2011,2.1
IKN11B0059,2011,13.1
IKN11B0200,2011,4.2
IKN11C0001,2011,4
IKN11C0002,2011,5.9
IKN11C0003,2011,7.8
IKN11C0004,2011,8.7
IKN11C0005,2011,7.2
IKN11C0006,2011,3.1
IKN11C0007,2011,4.8
IKN11C0008,2011,5.1
IKN11C0009,2011,2.1
IKN11C0010,2011,8.6
IKN11C0030,2011,6
IKN11C0031,2011,4.3
IKN11C0032,2011,4.6
IKN11C0033,2011,7.1
IKN11C0034,2011,7.3
IKN11C0035,2011,2.1
IKN11C0036,2011,4.2
IKN11C0037,2011,4.8
IKN11C0038,2011,5.2
IKN11C0039,2011,6.1
IKN11C0040,2011,3.9
IKN11C0041,2011,3
IKN11C0042,2011,6.5
IKN11C0043,2011,5.2
IKN11C0044,2011,8.6
IKN11C0045,2011,4.4
IKN11C0046,2011,4.8
IKN11C0047,2011,5.5
IKN11C0048,2011,6.5
IKN11C0049,2011,7.1
IKN11C0050,2011,4
IKN11C0051,2011,3.3
IKN11C0052,2011,5.4
IKN11C0053,2011,5.7
IKN11C0054,2011,4.5
IKN11C0055,2011,4.3
IKN11C0056,2011,6.1
IKN11C0057,2011,2.1
IKN11C0058,2011,7.7
IKN11C0059,2011,6.3
IKN11D0001,2011,2.1
IKN11D0002,2011,4.6
IKN11D0003,2011,4.5
IKN11D0004,2011,3.3
IKN11D0005,2011,3.4
IKN11D0006,2011,4.9
IKN11D0007,2011,3
IKN11D0008,2011,2.1
IKN11D0009,2011,3.7
IKN11D0010,2011,2.1
IKN11D0030,2011,4.9
IKN11D0031,2011,4.5
IKN11D0032,2011,4.9
IKN11D0033,2011,7.2
IKN11D0034,2011,3.4
IKN11D0035,2011,2.9
IKN11D0036,2011,3.9
IKN11D0037,2011,3.8
IKN11D0038,2011,5.3
IKN11D0039,2011,4.3
IKN11D0040,2011,3
IKN11D0041,2011,3.3
IKN11D0042,2011,5.1
IKN11D0043,2011,3.3
IKN11D0044,2011,6.4
IKN11D0045,2011,3.7
IKN11D0046,2011,6
IKN11D0047,2011,4.7
IKN11D0048,2011,4.1
IKN11D0049,2011,7.2
IKN11D0050,2011,7
IKN11D0051,2011,3.9
IKN11D0052,2011,6.3
IKN11D0053,2011,4.2
IKN11D0054,2011,4.1
IKN11D0055,2011,5.5
IKN11D0056,2011,6.1
IKN11D0057,2011,6.3
IKN11D0058,2011,5.4
IKN11D0059,2011,13.5
IKN11D0200,2011,2.5
IKN12A0001,2012,3.4
IKN12A0003,2012,2.1
IKN12A0004,2012,3.4
IKN12A0005,2012,4.1
IKN12A0006,2012,4.3
IKN12A0007,2012,5
IKN12A0008,2012,3.1
IKN12A0009,2012,3.3
IKN12A0010,2012,4.5
IKN12A0030,2012,5.9
IKN12A0031,2012,4.2
IKN12A0032,2012,4
IKN12A0033,2012,6
IKN12A0034,2012,4.3
IKN12A0035,2012,4.6
IKN12A0036,2012,6
IKN12A0037,2012,3.4
IKN12A0038,2012,6.4
IKN12A0039,2012,5.3
IKN12A0040,2012,6.4
IKN12A0041,2012,3.4
IKN12A0042,2012,8.3
IKN12A0043,2012,7.1
IKN12A0044,2012,4
IKN12A0045,2012,3.3
IKN12A0046,2012,4.4
IKN12A0047,2012,3.8
IKN12A0048,2012,7.5
IKN12A0049,2012,3.3
IKN12A0050,2012,5.8
IKN12A0051,2012,5.4
IKN12A0052,2012,4.1
IKN12A0053,2012,3.3
IKN12A0054,2012,4.7
IKN12A0055,2012,4.9
IKN12A0056,2012,3.4
IKN12A0057,2012,11.6
IKN12A0058,2012,4.2
IKN12A0059,2012,9.8
IKN12A0060,2012,3.6
IKN12B0001,2012,6.8
IKN12B0002,2012,4.3
IKN12B0003,2012,4.5
IKN12B0004,2012,5.8
IKN12B0005,2012,3
IKN12B0006,2012,7.8
IKN12B0007,2012,8.3
IKN12B0008,2012,4.5
IKN12B0009,2012,1.8
IKN12B0010,2012,3
IKN12B0030,2012,3.3
IKN12B0031,2012,2.1
IKN12B0032,2012,4.1
IKN12B0033,2012,4.2
IKN12B0034,2012,3.3
IKN12B0035,2012,3.4
IKN12B0036,2012,2.1
IKN12B0037,2012,4.1
IKN12B0038,2012,6.3
IKN12B0039,2012,5.1
IKN12B0040,2012,5.3
IKN12B0041,2012,5.3
IKN12B0042,2012,7.5
IKN12B0043,2012,7.4
IKN12B0044,2012,5.7
IKN12B0045,2012,8.6
IKN12B0046,2012,6.2
IKN12B0047,2012,4.2
IKN12B0048,2012,7.1
IKN12B0049,2012,6.6
IKN12B0050,2012,4.5
IKN12B0051,2012,8.2
IKN12B0052,2012,5.3
IKN12B0053,2012,12
IKN12B0054,2012,7.2
IKN12B0055,2012,2.1
IKN12B0056,2012,4.4
IKN12B0057,2012,6.3
IKN12B0058,2012,2.1
IKN12B0059,2012,13.7
IKN12B0200,2012,4.2
IKN12C0001,2012,4
IKN12C0002,2012,6.1
IKN12C0003,2012,7.8
IKN12C0004,2012,12.5
IKN12C0005,2012,7.2
IKN12C0006,2012,3
IKN12C0007,2012,4.8
IKN12C0008,2012,5.3
IKN12C0009,2012,2.1
IKN12C0010,2012,9.3
IKN12C0030,2012,6.6
IKN12C0031,2012,4.3
IKN12C0032,2012,4.6
IKN12C0033,2012,7.1
IKN12C0034,2012,7.6
IKN12C0035,2012,2.1
IKN12C0036,2012,4.2
IKN12C0037,2012,5.2
IKN12C0038,2012,5.4
IKN12C0039,2012,6.1
IKN12C0040,2012,4.2
IKN12C0041,2012,3
IKN12C0042,2012,6.5
IKN12C0043,2012,5.2
IKN12C0044,2012,8.8
IKN12C0045,2012,4.7
IKN12C0046,2012,5.3
IKN12C0047,2012,5.7
IKN12C0048,2012,6.5
IKN12C0049,2012,7.2
IKN12C0050,2012,3
IKN12C0051,2012,3.3
IKN12C0052,2012,5.4
IKN12C0053,2012,6
IKN12C0054,2012,4.8
IKN12C0055,2012,4.3
IKN12C0056,2012,6.1
IKN12C0057,2012,1.9
IKN12C0058,2012,7
IKN12C0059,2012,6.4
IKN12D0001,2012,2.1
IKN12D0002,2012,3.6
IKN12D0003,2012,4.5
IKN12D0004,2012,3.3
IKN12D0005,2012,3.4
IKN12D0006,2012,4.9
IKN12D0007,2012,3.1
IKN12D0008,2012,2.1
IKN12D0009,2012,3.9
IKN12D0010,2012,2.5
IKN12D0030,2012,6.1
IKN12D0031,2012,4.5
IKN12D0032,2012,4
IKN12D0033,2012,7.2
IKN12D0034,2012,3.7
IKN12D0035,2012,1.9
IKN12D0036,2012,4.1
IKN12D0037,2012,3.8
IKN12D0038,2012,4.3
IKN12D0039,2012,4.3
IKN12D0040,2012,3
IKN12D0041,2012,3.3
IKN12D0042,2012,5.1
IKN12D0043,2012,3.3
IKN12D0044,2012,6.1
IKN12D0045,2012,3.9
IKN12D0046,2012,6.2
IKN12D0047,2012,5.1
IKN12D0048,2012,3.1
IKN12D0049,2012,7.2
IKN12D0050,2012,5.6
IKN12D0051,2012,4.1
IKN12D0052,2012,6.3
IKN12D0053,2012,4.2
IKN12D0054,2012,4.3
IKN12D0055,2012,4.8
IKN12D0056,2012,2.1
IKN12D0057,2012,4.5
IKN12D0058,2012,5.8
IKN12D0059,2012,13.6
IKN12D0200,2012,2.5
IKN13A0001,2013,4
IKN13A0003,2013,2
IKN13A0004,2013,4
IKN13A0005,2013,6
IKN13A0006,2013,4
IKN13A0007,2013,6
IKN13A0008,2013,3
IKN13A0009,2013,3
IKN13A0010,2013,4
IKN13A0030,2013,6
IKN13A0031,2013,4
IKN13A0032,2013,6
IKN13A0033,2013,6
IKN13A0034,2013,4
IKN13A0035,2013,5
IKN13A0036,2013,6
IKN13A0037,2013,5
IKN13A0038,2013,7
IKN13A0039,2013,4
IKN13A0040,2013,6
IKN13A0041,2013,4
IKN13A0042,2013,9
IKN13A0043,2013,8
IKN13A0044,2013,4
IKN13A0045,2013,3
IKN13A0046,2013,5
IKN13A0047,2013,4
IKN13A0048,2013,8
IKN13A0049,2013,3
IKN13A0050,2013,6
IKN13A0051,2013,5
IKN13A0052,2013,4
IKN13A0053,2013,3
IKN13A0054,2013,5
IKN13A0055,2013,4
IKN13A0056,2013,2
IKN13A0057,2013,12
IKN13A0058,2013,4
IKN13A0059,2013,10
IKN13A0060,2013,4
IKN13B0001,2013,8
IKN13B0002,2013,4
IKN13B0003,2013,5
IKN13B0004,2013,6
IKN13B0005,2013,3
IKN13B0006,2013,8
IKN13B0007,2013,10
IKN13B0008,2013,5
IKN13B0009,2013,2
IKN13B0010,2013,3
IKN13B0030,2013,3
IKN13B0031,2013,2
IKN13B0032,2013,4
IKN13B0033,2013,4
IKN13B0034,2013,4
IKN13B0035,2013,4
IKN13B0036,2013,2
IKN13B0037,2013,4
IKN13B0038,2013,5
IKN13B0039,2013,7
IKN13B0040,2013,5
IKN13B0041,2013,4
IKN13B0042,2013,9
IKN13B0043,2013,9
IKN13B0044,2013,7
IKN13B0045,2013,10
IKN13B0046,2013,6
IKN13B0047,2013,4
IKN13B0048,2013,8
IKN13B0049,2013,7
IKN13B0050,2013,4
IKN13B0051,2013,10
IKN13B0052,2013,5
IKN13B0053,2013,15
IKN13B0054,2013,8
IKN13B0055,2013,3
IKN13B0056,2013,5
IKN13B0057,2013,6
IKN13B0058,2013,3
IKN13B0059,2013,17
IKN13B0200,2013,5
IKN13C0001,2013,5
IKN13C0002,2013,5
IKN13C0003,2013,9
IKN13C0004,2013,15
IKN13C0005,2013,7
IKN13C0006,2013,3
IKN13C0007,2013,5
IKN13C0008,2013,5
IKN13C0009,2013,2
IKN13C0010,2013,11
IKN13C0030,2013,8
IKN13C0031,2013,4
IKN13C0032,2013,7
IKN13C0033,2013,7
IKN13C0034,2013,10
IKN13C0035,2013,2
IKN13C0036,2013,4
IKN13C0037,2013,7
IKN13C0038,2013,5
IKN13C0039,2013,7
IKN13C0040,2013,5
IKN13C0041,2013,3
IKN13C0042,2013,6
IKN13C0043,2013,5
IKN13C0044,2013,7
IKN13C0045,2013,5
IKN13C0046,2013,6
IKN13C0047,2013,6
IKN13C0048,2013,7
IKN13C0049,2013,9
IKN13C0050,2013,3
IKN13C0051,2013,4
IKN13C0052,2013,6
IKN13C0053,2013,7
IKN13C0054,2013,6
IKN13C0055,2013,5
IKN13C0056,2013,6
IKN13C0057,2013,1
IKN13C0058,2013,4
IKN13C0059,2013,5
IKN13D0001,2013,2
IKN13D0002,2013,4
IKN13D0003,2013,4
IKN13D0004,2013,3
IKN13D0005,2013,4
IKN13D0006,2013,5
IKN13D0007,2013,4
IKN13D0008,2013,2
IKN13D0009,2013,4
IKN13D0010,2013,3
IKN13D0030,2013,6
IKN13D0031,2013,4
IKN13D0032,2013,5
IKN13D0033,2013,7
IKN13D0034,2013,4
IKN13D0035,2013,2
IKN13D0036,2013,4
IKN13D0037,2013,4
IKN13D0038,2013,4
IKN13D0039,2013,4
IKN13D0040,2013,3
IKN13D0041,2013,3
IKN13D0042,2013,5
IKN13D0043,2013,3
IKN13D0044,2013,6
IKN13D0045,2013,4
IKN13D0046,2013,6
IKN13D0047,2013,6
IKN13D0048,2013,3
IKN13D0049,2013,7
IKN13D0050,2013,5
IKN13D0051,2013,4
IKN13D0052,2013,6
IKN13D0053,2013,5
IKN13D0054,2013,4
IKN13D0055,2013,5
IKN13D0056,2013,2
IKN13D0057,2013,4
IKN13D0058,2013,7
IKN13D0059,2013,14
IKN13D0200,2013,3
IKN14A0001,2014,4
IKN14A0003,2014,2
IKN14A0004,2014,4
IKN14A0005,2014,6
IKN14A0006,2014,4
IKN14A0007,2014,5
IKN14A0008,2014,3
IKN14A0009,2014,3
IKN14A0010,2014,4
IKN14A0030,2014,6
IKN14A0031,2014,4
IKN14A0032,2014,5
IKN14A0033,2014,6
IKN14A0034,2014,4
IKN14A0035,2014,5
IKN14A0036,2014,6
IKN14A0037,2014,5
IKN14A0038,2014,7
IKN14A0039,2014,4
IKN14A0040,2014,6
IKN14A0041,2014,4
IKN14A0042,2014,9
IKN14A0043,2014,8
IKN14A0044,2014,3
IKN14A0045,2014,3
IKN14A0046,2014,5
IKN14A0047,2014,4
IKN14A0048,2014,8
IKN14A0049,2014,4
IKN14A0050,2014,6
IKN14A0051,2014,5
IKN14A0052,2014,4
IKN14A0053,2014,3
IKN14A0054,2014,5
IKN14A0055,2014,4
IKN14A0056,2014,2
IKN14A0057,2014,12
IKN14A0058,2014,4
IKN14A0059,2014,10
IKN14A0060,2014,4
IKN14B0001,2014,9
IKN14B0002,2014,4
IKN14B0003,2014,5
IKN14B0004,2014,6
IKN14B0005,2014,3
IKN14B0006,2014,8
IKN14B0007,2014,10
IKN14B0008,2014,5
IKN14B0009,2014,2
IKN14B0010,2014,3
IKN14B0030,2014,3
IKN14B0031,2014,2
IKN14B0032,2014,4
IKN14B0033,2014,4
IKN14B0034,2014,4
IKN14B0035,2014,4
IKN14B0036,2014,2
IKN14B0037,2014,4
IKN14B0038,2014,4
IKN14B0039,2014,8
IKN14B0040,2014,5
IKN14B0041,2014,4
IKN14B0042,2014,9
IKN14B0043,2014,8
IKN14B0044,2014,7
IKN14B0045,2014,10
IKN14B0046,2014,6
IKN14B0047,2014,4
IKN14B0048,2014,9
IKN14B0049,2014,7
IKN14B0050,2014,4
IKN14B0051,2014,10
IKN14B0052,2014,5
IKN14B0053,2014,15
IKN14B0054,2014,9
IKN14B0055,2014,3
IKN14B0056,2014,5
IKN14B0057,2014,6
IKN14B0058,2014,3
IKN14B0059,2014,17
IKN14B0200,2014,5
IKN14C0001,2014,6
IKN14C0002,2014,5
IKN14C0003,2014,9
IKN14C0004,2014,15
IKN14C0005,2014,7
IKN14C0006,2014,3
IKN14C0007,2014,4
IKN14C0008,2014,5
IKN14C0009,2014,2
IKN14C0010,2014,12
IKN14C0030,2014,8
IKN14C0031,2014,4
IKN14C0032,2014,7
IKN14C0033,2014,7
IKN14C0034,2014,9
IKN14C0035,2014,2
IKN14C0036,2014,2
IKN14C0037,2014,7
IKN14C0038,2014,5
IKN14C0039,2014,7
IKN14C0040,2014,5
IKN14C0041,2014,3
IKN14C0042,2014,6
IKN14C0043,2014,5
IKN14C0044,2014,9
IKN14C0045,2014,5
IKN14C0046,2014,6
IKN14C0047,2014,6
IKN14C0048,2014,7
IKN14C0049,2014,9
IKN14C0050,2014,3
IKN14C0051,2014,4
IKN14C0052,2014,6
IKN14C0053,2014,7
IKN14C0054,2014,6
IKN14C0055,2014,5
IKN14C0056,2014,6
IKN14C0057,2014,1
IKN14C0058,2014,4
IKN14C0059,2014,5
IKN14D0001,2014,2
IKN14D0002,2014,4
IKN14D0003,2014,4
IKN14D0004,2014,3
IKN14D0005,2014,4
IKN14D0006,2014,5
IKN14D0007,2014,4
IKN14D0008,2014,3
IKN14D0009,2014,4
IKN14D0010,2014,4
IKN14D0030,2014,5
IKN14D0031,2014,4
IKN14D0032,2014,5
IKN14D0033,2014,7
IKN14D0034,2014,3
IKN14D0035,2014,2
IKN14D0036,2014,4
IKN14D0037,2014,3
IKN14D0038,2014,3
IKN14D0039,2014,3
IKN14D0040,2014,3
IKN14D0041,2014,3
IKN14D0042,2014,5
IKN14D0043,2014,3
IKN14D0044,2014,6
IKN14D0045,2014,4
IKN14D0046,2014,5
IKN14D0047,2014,7
IKN14D0048,2014,4
IKN14D0049,2014,7
IKN14D0050,2014,6
IKN14D0051,2014,4
IKN14D0052,2014,6
IKN14D0053,2014,5
IKN14D0054,2014,4
IKN14D0055,2014,5
IKN14D0056,2014,2
IKN14D0057,2014,4
IKN14D0058,2014,8
IKN14D0059,2014,13
IKN14D0200,2014,3
IMH10A0001,2010,4.3
IMH10A0003,2010,5.1
IMH10A0005,2010,8.1
IMH10A0007,2010,9.3
IMH10A0009,2010,4.8
IMH10A0010,2010,3.3
IMH10A0030,2010,5.4
IMH10A0031,2010,2.2
IMH10A0032,2010,9
IMH10A0033,2010,5.1
IMH10A0034,2010,6.6
IMH10A0035,2010,3
IMH10A0036,2010,6.6
IMH10A0037,2010,3.3
IMH10A0039,2010,8.5
IMH10A0040,2010,8.7
IMH10A0041,2010,7.2
IMH10A0042,2010,1.2
IMH10A0043,2010,6.3
IMH10A0044,2010,5.1
IMH10A0046,2010,10.3
IMH10A0047,2010,2.1
IMH10A0048,2010,4.8
IMH10A0049,2010,10.5
IMH10A0050,2010,7.2
IMH10A0051,2010,6.6
IMH10A0053,2010,3.3
IMH10A0054,2010,4.2
IMH10A0055,2010,4.2
IMH10A0056,2010,2.1
IMH10A0057,2010,9.3
IMH10A0058,2010,9.6
IMH10A0060,2010,2.1
IMH10A0063,2010,6
IMH10A0201,2010,5.4
IMH10A0202,2010,5.4
IMH10A0203,2010,5.4
IMH10A0204,2010,4.5
IMH10A0206,2010,2.1
IMH10A0207,2010,5.4
IMH10A0208,2010,3.3
IMH10A0209,2010,2.1
IMH10A0210,2010,5.4
IMH10A0211,2010,5.1
IMH10A0212,2010,4.2
IMH10A0260,2010,4.2
IMH10A0261,2010,11.5
IMH10A0263,2010,6.3
IMH10A0265,2010,5.4
IMH10A0266,2010,3.3
IMH10A0267,2010,2.1
IMH10A0268,2010,6.3
IMH10A0269,2010,7.2
IMH10A0270,2010,4.2
IMH10A0274,2010,3
IMH10A0276,2010,10.2
IMH10A0277,2010,6.3
IMH10A0280,2010,0.9
IMH10A0281,2010,5.1
IMH10A0282,2010,4.5
IMH10A0283,2010,4.2
IMH10A0284,2010,5.1
IMH10A0285,2010,5.4
IMH10A0286,2010,4.2
IMH10B0001,2010,6.3
IMH10B0002,2010,7.5
IMH10B0004,2010,5.4
IMH10B0031,2010,7.3
IMH10B0032,2010,7.3
IMH10B0033,2010,6.3
IMH10B0035,2010,4.3
IMH10B0037,2010,4
IMH10B0040,2010,5.1
IMH10B0041,2010,6.6
IMH10B0042,2010,6.9
IMH10B0043,2010,4.5
IMH10B0045,2010,6.9
IMH10B0047,2010,6.3
IMH10B0049,2010,14.1
IMH10B0050,2010,11.1
IMH10B0051,2010,5.4
IMH10B0053,2010,8.7
IMH10B0055,2010,4.3
IMH10B0057,2010,9.5
IMH10B0058,2010,4.2
IMH10B0059,2010,4.5
IMH10B0060,2010,4.2
IMH10B0061,2010,0.9
IMH10B0062,2010,5.7
IMH10B0200,2010,7.2
IMH10B0201,2010,4.2
IMH10B0202,2010,5.1
IMH10B0203,2010,8.5
IMH10B0204,2010,7.6
IMH10B0205,2010,5.4
IMH10B0206,2010,4.2
IMH10B0207,2010,5.2
IMH10B0208,2010,5.5
IMH10B0209,2010,6.4
IMH10B0210,2010,7.6
IMH10B0211,2010,5.1
IMH10B0214,2010,5.2
IMH10B0216,2010,4
IMH10B0217,2010,6.3
IMH10B0219,2010,4.2
IMH10B0220,2010,5.1
IMH10B0221,2010,5.4
IMH10B0222,2010,6
IMH10B0223,2010,4.5
IMH10B0224,2010,6.4
IMH10B0225,2010,4.2
IMH10B0226,2010,4
IMH10B0227,2010,4.5
IMH10B0231,2010,5.4
IMH10B0232,2010,5.4
IMH10B0233,2010,5.4
IMH10B0234,2010,4.1
IMH10B0236,2010,6.1
IMH10B0237,2010,5.1
IMH10B0238,2010,4.5
IMH10B0239,2010,3.9
IMH10B0240,2010,3.3
IMH10B0241,2010,2.1
IMH10B0242,2010,5.7
IMH10B0243,2010,2.1
IMH10B0244,2010,6.3
IMH10C0001,2010,7.5
IMH10C0002,2010,4.5
IMH10C0008,2010,4.5
IMH10C0030,2010,5.4
IMH10C0032,2010,3.9
IMH10C0033,2010,3
IMH10C0034,2010,6.3
IMH10C0035,2010,8.4
IMH10C0036,2010,6.1
IMH10C0037,2010,8.1
IMH10C0038,2010,4.5
IMH10C0040,2010,6.9
IMH10C0042,2010,13.1
IMH10C0044,2010,11.2
IMH10C0046,2010,4.3
IMH10C0047,2010,6.3
IMH10C0049,2010,11.7
IMH10C0050,2010,2.1
IMH10C0051,2010,2.1
IMH10C0052,2010,6.3
IMH10C0054,2010,4.3
IMH10C0055,2010,10.2
IMH10C0057,2010,6.4
IMH10C0058,2010,8.7
IMH10C0059,2010,3.3
IMH10C0080,2010,6
IMH10C0200,2010,5.4
IMH10C0202,2010,9
IMH10C0203,2010,7.2
IMH10C0204,2010,3.9
IMH10C0205,2010,3.3
IMH10C0206,2010,4.2
IMH10C0207,2010,5.4
IMH10C0209,2010,3.3
IMH10C0210,2010,4.3
IMH10C0211,2010,7.2
IMH10C0212,2010,4.5
IMH10C0213,2010,6
IMH10C0214,2010,6
IMH10C0215,2010,6
IMH10C0216,2010,9.3
IMH10C0217,2010,9.1
IMH10C0218,2010,6.6
IMH10C0219,2010,6.3
IMH10C0220,2010,9.6
IMH10C0221,2010,5.7
IMH10C0222,2010,2.1
IMH10C0223,2010,9.9
IMH10C0224,2010,3
IMH10C0227,2010,4.5
IMH10C0228,2010,3
IMH10C0229,2010,3.3
IMH10D0001,2010,4.8
IMH10D0002,2010,6.7
IMH10D0003,2010,2.1
IMH10D0004,2010,7.3
IMH10D0005,2010,7.2
IMH10D0006,2010,10.2
IMH10D0007,2010,7.2
IMH10D0032,2010,6.6
IMH10D0033,2010,2.1
IMH10D0034,2010,7.5
IMH10D0035,2010,12
IMH10D0036,2010,0.9
IMH10D0038,2010,11.4
IMH10D0039,2010,5.1
IMH10D0040,2010,5.4
IMH10D0042,2010,6.3
IMH10D0043,2010,4.5
IMH10D0044,2010,2.1
IMH10D0045,2010,7.8
IMH10D0046,2010,5.4
IMH10D0048,2010,4.2
IMH10D0049,2010,4.8
IMH10D0050,2010,6.6
IMH10D0051,2010,4.2
IMH10D0052,2010,5.7
IMH10D0053,2010,3.3
IMH10D0054,2010,10.9
IMH10D0055,2010,6.6
IMH10D0056,2010,3
IMH10D0057,2010,5.1
IMH10D0058,2010,18.3
IMH10D0059,2010,4.5
IMH10D0060,2010,5.4
IMH10D0070,2010,3.9
IMH10D0071,2010,6.6
IMH10D0080,2010,5.4
IMH10D0081,2010,3
IMH10D0090,2010,3.3
IMH10D0201,2010,5.2
IMH10D0204,2010,3.3
IMH10D0206,2010,5.7
IMH10D0207,2010,4.5
IMH10D0224,2010,5.1
IMH10D0225,2010,5.4
IMH10D0227,2010,8.4
IMH10D0228,2010,4.5
IMH10D0229,2010,4.2
IMH10D0275,2010,5.5
IMH10D0279,2010,5.4
IMH10D0280,2010,5.1
IMH10D0281,2010,5.4
IMH10D0282,2010,4.2
IMH10D0284,2010,3.1
IMH10D0285,2010,6
IMH10D0286,2010,5.1
IMH10D0288,2010,4.5
IMH10D0289,2010,3.9
IMH10D0290,2010,3.9
IMH10D0291,2010,4.5
IMH10D0293,2010,4.2
IMH10D0295,2010,4.2
IMH10D0296,2010,4.5
IMH10D0297,2010,8.4
IMH10D0300,2010,0.9
IMH10D0301,2010,4.2
IMH10D0302,2010,5.1
IMH10D0303,2010,4.3
IMH10D0304,2010,4.2
IMH10D0305,2010,4.2
IMH10D0306,2010,3.9
IMH10D0307,2010,2.1
IMH10D0308,2010,6.1
IMH10D0309,2010,9.3
IMH10D0310,2010,4.5
IMH10D0311,2010,6.4
IMH10D0312,2010,4.5
IMH10D0313,2010,9.8
IMH10D0314,2010,6.3
IMH10D0315,2010,3.3
IMH10D0317,2010,9.3
IMH10D0318,2010,4.2
IMH10D0319,2010,3.3
IMH10D0331,2010,4.2
IMH10D0332,2010,3.4
IMH10D0333,2010,3.3
IMH10D0335,2010,4.5
IMH10D0336,2010,5.4
IMH10D0337,2010,5.2
IMH10D0338,2010,5.4
IMH11A0001,2011,3.3
IMH11A0003,2011,4.3
IMH11A0005,2011,7.8
IMH11A0007,2011,9.1
IMH11A0009,2011,6.1
IMH11A0010,2011,3.1
IMH11A0030,2011,6.3
IMH11A0031,2011,1.2
IMH11A0032,2011,10.9
IMH11A0033,2011,4.7
IMH11A0034,2011,6.2
IMH11A0035,2011,3
IMH11A0036,2011,5.5
IMH11A0037,2011,3.3
IMH11A0039,2011,6.7
IMH11A0040,2011,7.5
IMH11A0041,2011,7.1
IMH11A0042,2011,1.2
IMH11A0043,2011,6.2
IMH11A0044,2011,5.1
IMH11A0046,2011,6
IMH11A0047,2011,2.1
IMH11A0048,2011,4.3
IMH11A0049,2011,10.6
IMH11A0050,2011,7.1
IMH11A0051,2011,6.5
IMH11A0053,2011,3.3
IMH11A0054,2011,7
IMH11A0055,2011,5.4
IMH11A0056,2011,5.5
IMH11A0057,2011,7.6
IMH11A0058,2011,8
IMH11A0060,2011,2.1
IMH11A0063,2011,5.8
IMH11A0201,2011,4.7
IMH11A0202,2011,5.1
IMH11A0203,2011,5.1
IMH11A0204,2011,4.5
IMH11A0206,2011,2.1
IMH11A0207,2011,5.8
IMH11A0208,2011,3.3
IMH11A0209,2011,8.9
IMH11A0210,2011,5.4
IMH11A0211,2011,4.4
IMH11A0212,2011,4.1
IMH11A0260,2011,3.9
IMH11A0261,2011,6.2
IMH11A0263,2011,5.2
IMH11A0265,2011,4.9
IMH11A0266,2011,3.3
IMH11A0267,2011,2.1
IMH11A0268,2011,6.3
IMH11A0269,2011,7.2
IMH11A0270,2011,3.4
IMH11A0274,2011,3
IMH11A0276,2011,6.4
IMH11A0277,2011,5.8
IMH11A0280,2011,0.9
IMH11A0281,2011,5.1
IMH11A0282,2011,4.3
IMH11A0283,2011,3.7
IMH11A0284,2011,3.9
IMH11A0285,2011,5.4
IMH11A0286,2011,3.7
IMH11B0001,2011,5.7
IMH11B0002,2011,7.2
IMH11B0004,2011,5.3
IMH11B0031,2011,5.1
IMH11B0032,2011,6.2
IMH11B0033,2011,6.1
IMH11B0035,2011,3.3
IMH11B0037,2011,3
IMH11B0040,2011,4.6
IMH11B0041,2011,6.1
IMH11B0042,2011,7
IMH11B0043,2011,4.3
IMH11B0045,2011,6.8
IMH11B0047,2011,5.8
IMH11B0049,2011,12.4
IMH11B0050,2011,8.7
IMH11B0051,2011,5.1
IMH11B0053,2011,6.4
IMH11B0055,2011,3.5
IMH11B0057,2011,6
IMH11B0058,2011,4.9
IMH11B0059,2011,4.3
IMH11B0060,2011,4
IMH11B0061,2011,0.9
IMH11B0062,2011,5.3
IMH11B0200,2011,6.6
IMH11B0201,2011,4.3
IMH11B0202,2011,5.1
IMH11B0203,2011,7.6
IMH11B0204,2011,5.6
IMH11B0205,2011,5.2
IMH11B0206,2011,4.3
IMH11B0207,2011,3.9
IMH11B0208,2011,4.3
IMH11B0209,2011,5
IMH11B0210,2011,5.8
IMH11B0211,2011,4.2
IMH11B0214,2011,4
IMH11B0216,2011,3
IMH11B0217,2011,5.6
IMH11B0219,2011,4.3
IMH11B0220,2011,4.4
IMH11B0221,2011,5.4
IMH11B0222,2011,5.4
IMH11B0223,2011,3.6
IMH11B0224,2011,6.3
IMH11B0225,2011,4
IMH11B0226,2011,2.6
IMH11B0227,2011,4.5
IMH11B0231,2011,4.3
IMH11B0232,2011,4.2
IMH11B0233,2011,5.1
IMH11B0234,2011,2.1
IMH11B0236,2011,4.7
IMH11B0237,2011,5.1
IMH11B0238,2011,3.1
IMH11B0239,2011,3.4
IMH11B0240,2011,2.6
IMH11B0241,2011,2.1
IMH11B0242,2011,5.5
IMH11B0243,2011,2.1
IMH11B0244,2011,5.5
IMH11C0001,2011,6
IMH11C0002,2011,4.3
IMH11C0008,2011,4.1
IMH11C0030,2011,4.8
IMH11C0032,2011,4
IMH11C0033,2011,3
IMH11C0034,2011,6.8
IMH11C0035,2011,7.9
IMH11C0036,2011,4.3
IMH11C0037,2011,7.2
IMH11C0038,2011,4.5
IMH11C0040,2011,6.3
IMH11C0044,2011,9.6
IMH11C0046,2011,3.3
IMH11C0047,2011,5.2
IMH11C0049,2011,10.5
IMH11C0050,2011,2.1
IMH11C0051,2011,2.1
IMH11C0052,2011,5.8
IMH11C0054,2011,3.3
IMH11C0055,2011,8.4
IMH11C0058,2011,7.1
IMH11C0059,2011,3.3
IMH11C0080,2011,5.9
IMH11C0200,2011,5.2
IMH11C0202,2011,3.1
IMH11C0203,2011,6
IMH11C0204,2011,4.1
IMH11C0205,2011,3.3
IMH11C0206,2011,4.2
IMH11C0207,2011,4.9
IMH11C0209,2011,3.1
IMH11C0210,2011,4.3
IMH11C0211,2011,6.7
IMH11C0212,2011,4.3
IMH11C0213,2011,6
IMH11C0214,2011,5.8
IMH11C0215,2011,5.8
IMH11C0216,2011,9.2
IMH11C0217,2011,6.4
IMH11C0218,2011,7.5
IMH11C0219,2011,5.5
IMH11C0220,2011,9.3
IMH11C0221,2011,5.5
IMH11C0222,2011,2.1
IMH11C0223,2011,8.4
IMH11C0224,2011,2.6
IMH11C0227,2011,3
IMH11C0228,2011,3
IMH11C0229,2011,2.5
IMH11D0001,2011,4.8
IMH11D0002,2011,5.3
IMH11D0003,2011,2.1
IMH11D0004,2011,5.5
IMH11D0005,2011,6
IMH11D0006,2011,2.1
IMH11D0007,2011,5.9
IMH11D0032,2011,7.6
IMH11D0033,2011,2.1
IMH11D0034,2011,6.3
IMH11D0035,2011,10.8
IMH11D0036,2011,0.9
IMH11D0038,2011,3.4
IMH11D0039,2011,4.9
IMH11D0040,2011,5.3
IMH11D0042,2011,5.9
IMH11D0043,2011,4.5
IMH11D0044,2011,2.1
IMH11D0045,2011,9.6
IMH11D0046,2011,6.3
IMH11D0048,2011,4.2
IMH11D0049,2011,4.9
IMH11D0050,2011,6.1
IMH11D0051,2011,4.7
IMH11D0052,2011,5.1
IMH11D0054,2011,10.3
IMH11D0055,2011,5.5
IMH11D0056,2011,3
IMH11D0057,2011,5.2
IMH11D0058,2011,15.3
IMH11D0059,2011,3.9
IMH11D0060,2011,5.4
IMH11D0070,2011,3.4
IMH11D0071,2011,5.5
IMH11D0080,2011,4.3
IMH11D0081,2011,3.1
IMH11D0090,2011,4.1
IMH11D0201,2011,3.9
IMH11D0204,2011,3.3
IMH11D0206,2011,6.6
IMH11D0207,2011,4.5
IMH11D0224,2011,4.9
IMH11D0225,2011,5.2
IMH11D0227,2011,7.3
IMH11D0228,2011,4.3
IMH11D0229,2011,4.1
IMH11D0275,2011,3.7
IMH11D0279,2011,5.1
IMH11D0280,2011,3
IMH11D0281,2011,4.9
IMH11D0282,2011,3.9
IMH11D0284,2011,3.1
IMH11D0285,2011,5.5
IMH11D0286,2011,5
IMH11D0288,2011,4.3
IMH11D0289,2011,3.5
IMH11D0290,2011,3.5
IMH11D0291,2011,6.3
IMH11D0293,2011,4.1
IMH11D0295,2011,4.2
IMH11D0296,2011,4.3
IMH11D0297,2011,8.2
IMH11D0300,2011,0.9
IMH11D0301,2011,4.1
IMH11D0302,2011,5
IMH11D0303,2011,4.3
IMH11D0304,2011,3.9
IMH11D0305,2011,3.4
IMH11D0306,2011,4
IMH11D0307,2011,2.1
IMH11D0308,2011,6.4
IMH11D0309,2011,9.3
IMH11D0310,2011,4.5
IMH11D0311,2011,6.3
IMH11D0312,2011,4.5
IMH11D0313,2011,7.6
IMH11D0314,2011,6
IMH11D0315,2011,4.2
IMH11D0317,2011,8.1
IMH11D0318,2011,4.3
IMH11D0319,2011,3.1
IMH11D0331,2011,4.3
IMH11D0332,2011,3.3
IMH11D0333,2011,3.3
IMH11D0335,2011,4.5
IMH11D0336,2011,4.9
IMH11D0337,2011,3.9
IMH11D0338,2011,4.4
IMH11D0340,2011,3.4
IMH11D0341,2011,3.1
IMH11D0342,2011,2.5
IMH11D0343,2011,3.6
IMH11D0344,2011,2.9
IMH12A0001,2012,3.3
IMH12A0003,2012,4.3
IMH12A0005,2012,5.9
IMH12A0007,2012,7.3
IMH12A0009,2012,5.1
IMH12A0010,2012,3.1
IMH12A0030,2012,6.5
IMH12A0032,2012,10.6
IMH12A0033,2012,4.7
IMH12A0034,2012,6.2
IMH12A0035,2012,3
IMH12A0036,2012,5.5
IMH12A0037,2012,3.3
IMH12A0039,2012,7.6
IMH12A0040,2012,7.6
IMH12A0041,2012,6.3
IMH12A0042,2012,1.2
IMH12A0043,2012,6.3
IMH12A0044,2012,5.1
IMH12A0046,2012,6
IMH12A0047,2012,2.1
IMH12A0048,2012,4.4
IMH12A0049,2012,9.2
IMH12A0050,2012,5.9
IMH12A0051,2012,6.1
IMH12A0053,2012,3.7
IMH12A0054,2012,7.5
IMH12A0055,2012,5.2
IMH12A0056,2012,5.5
IMH12A0057,2012,8
IMH12A0058,2012,8
IMH12A0060,2012,3
IMH12A0063,2012,5.8
IMH12A0201,2012,4.9
IMH12A0202,2012,5.1
IMH12A0203,2012,5.3
IMH12A0204,2012,4.5
IMH12A0206,2012,2.1
IMH12A0207,2012,6.7
IMH12A0208,2012,3.1
IMH12A0209,2012,9.7
IMH12A0210,2012,5
IMH12A0211,2012,4.9
IMH12A0212,2012,3.1
IMH12A0260,2012,3.9
IMH12A0261,2012,6.2
IMH12A0263,2012,5.4
IMH12A0265,2012,4.9
IMH12A0266,2012,3.3
IMH12A0267,2012,2.1
IMH12A0268,2012,6.3
IMH12A0269,2012,7.2
IMH12A0270,2012,3.4
IMH12A0274,2012,3.1
IMH12A0276,2012,6.5
IMH12A0277,2012,5.8
IMH12A0280,2012,0.9
IMH12A0281,2012,5.2
IMH12A0282,2012,4.5
IMH12A0283,2012,3.7
IMH12A0284,2012,3.9
IMH12A0285,2012,5
IMH12A0286,2012,3.7
IMH12A0287,2012,5.2
IMH12A0288,2012,4.5
IMH12B0001,2012,5.7
IMH12B0002,2012,7.2
IMH12B0004,2012,4.3
IMH12B0031,2012,5.2
IMH12B0032,2012,6.2
IMH12B0033,2012,5.9
IMH12B0035,2012,3.3
IMH12B0037,2012,3.1
IMH12B0040,2012,4.6
IMH12B0041,2012,6.1
IMH12B0042,2012,6.9
IMH12B0043,2012,4.3
IMH12B0045,2012,6.8
IMH12B0047,2012,5.8
IMH12B0049,2012,12.8
IMH12B0050,2012,8.8
IMH12B0051,2012,4.3
IMH12B0053,2012,7.3
IMH12B0055,2012,2.5
IMH12B0057,2012,5.9
IMH12B0058,2012,5
IMH12B0059,2012,4.3
IMH12B0060,2012,4.1
IMH12B0061,2012,0.9
IMH12B0062,2012,5.3
IMH12B0200,2012,6
IMH12B0201,2012,4.3
IMH12B0202,2012,5.1
IMH12B0203,2012,8
IMH12B0204,2012,5.7
IMH12B0205,2012,4.2
IMH12B0206,2012,3.3
IMH12B0207,2012,3.1
IMH12B0208,2012,4.3
IMH12B0209,2012,5.6
IMH12B0210,2012,6
IMH12B0211,2012,4.2
IMH12B0214,2012,4.3
IMH12B0216,2012,3
IMH12B0217,2012,5.9
IMH12B0219,2012,3.3
IMH12B0220,2012,4.6
IMH12B0221,2012,5.5
IMH12B0222,2012,5.9
IMH12B0223,2012,3.6
IMH12B0224,2012,6.3
IMH12B0225,2012,4
IMH12B0226,2012,3.8
IMH12B0227,2012,4.3
IMH12B0231,2012,4.3
IMH12B0232,2012,4.7
IMH12B0233,2012,5.1
IMH12B0234,2012,2.1
IMH12B0236,2012,4.7
IMH12B0237,2012,4.9
IMH12B0238,2012,3.4
IMH12B0239,2012,3.4
IMH12B0240,2012,3.8
IMH12B0241,2012,2.1
IMH12B0242,2012,5.5
IMH12B0243,2012,2.1
IMH12B0244,2012,5.5
IMH12C0001,2012,6
IMH12C0002,2012,4.5
IMH12C0008,2012,4.3
IMH12C0030,2012,4.8
IMH12C0033,2012,3
IMH12C0034,2012,6.8
IMH12C0035,2012,8.1
IMH12C0036,2012,4.3
IMH12C0037,2012,7.2
IMH12C0038,2012,4.5
IMH12C0040,2012,6.3
IMH12C0044,2012,10.1
IMH12C0046,2012,3.3
IMH12C0047,2012,5.2
IMH12C0049,2012,10.9
IMH12C0050,2012,2.1
IMH12C0051,2012,2.1
IMH12C0052,2012,6.7
IMH12C0054,2012,4.3
IMH12C0055,2012,8.7
IMH12C0058,2012,7.9
IMH12C0059,2012,4.2
IMH12C0080,2012,5.9
IMH12C0200,2012,5.2
IMH12C0202,2012,3.9
IMH12C0203,2012,6.9
IMH12C0204,2012,3.1
IMH12C0205,2012,3.3
IMH12C0206,2012,4.3
IMH12C0207,2012,5.1
IMH12C0209,2012,2.9
IMH12C0210,2012,3.3
IMH12C0211,2012,7.2
IMH12C0212,2012,4.5
IMH12C0213,2012,6
IMH12C0214,2012,6
IMH12C0215,2012,6
IMH12C0216,2012,10.1
IMH12C0217,2012,7.8
IMH12C0218,2012,7.5
IMH12C0219,2012,5.8
IMH12C0220,2012,8.8
IMH12C0221,2012,5.5
IMH12C0222,2012,2.1
IMH12C0223,2012,8.4
IMH12C0224,2012,2.9
IMH12C0227,2012,3
IMH12C0228,2012,3
IMH12C0229,2012,2.9
IMH12C0230,2012,5.5
IMH12D0001,2012,3.8
IMH12D0002,2012,5.3
IMH12D0003,2012,2.1
IMH12D0004,2012,5.9
IMH12D0005,2012,5.3
IMH12D0006,2012,2.2
IMH12D0007,2012,5.9
IMH12D0032,2012,7.9
IMH12D0033,2012,2.1
IMH12D0034,2012,6.6
IMH12D0035,2012,11.2
IMH12D0036,2012,0.9
IMH12D0038,2012,3.8
IMH12D0039,2012,4.9
IMH12D0040,2012,5.3
IMH12D0042,2012,3.9
IMH12D0043,2012,4.5
IMH12D0044,2012,2.1
IMH12D0045,2012,10.4
IMH12D0046,2012,6.4
IMH12D0048,2012,4.2
IMH12D0049,2012,3.9
IMH12D0050,2012,5.1
IMH12D0051,2012,4.6
IMH12D0052,2012,5.3
IMH12D0054,2012,9.5
IMH12D0055,2012,5.5
IMH12D0056,2012,3
IMH12D0057,2012,6.2
IMH12D0058,2012,16.1
IMH12D0059,2012,4.1
IMH12D0060,2012,5.4
IMH12D0070,2012,3.9
IMH12D0071,2012,5.8
IMH12D0080,2012,4.6
IMH12D0081,2012,2.1
IMH12D0090,2012,3.4
IMH12D0201,2012,4.1
IMH12D0204,2012,3.3
IMH12D0206,2012,4.5
IMH12D0207,2012,4.5
IMH12D0224,2012,4.9
IMH12D0225,2012,5.4
IMH12D0227,2012,7.4
IMH12D0228,2012,4.5
IMH12D0229,2012,4.1
IMH12D0275,2012,3.7
IMH12D0279,2012,5.1
IMH12D0280,2012,3
IMH12D0281,2012,5.1
IMH12D0282,2012,4.1
IMH12D0284,2012,2.1
IMH12D0285,2012,5.5
IMH12D0286,2012,5
IMH12D0288,2012,4.5
IMH12D0289,2012,4.2
IMH12D0290,2012,3.8
IMH12D0291,2012,6.7
IMH12D0293,2012,4.1
IMH12D0295,2012,4.6
IMH12D0296,2012,4.5
IMH12D0297,2012,8.6
IMH12D0300,2012,0.9
IMH12D0301,2012,4.1
IMH12D0302,2012,5.1
IMH12D0303,2012,3.3
IMH12D0304,2012,3.9
IMH12D0305,2012,3.7
IMH12D0306,2012,4.1
IMH12D0307,2012,2.1
IMH12D0308,2012,6.5
IMH12D0309,2012,10.2
IMH12D0310,2012,4.5
IMH12D0311,2012,5.3
IMH12D0312,2012,4.5
IMH12D0313,2012,7.6
IMH12D0314,2012,5
IMH12D0315,2012,4.6
IMH12D0317,2012,8.4
IMH12D0318,2012,3.3
IMH12D0319,2012,3.3
IMH12D0331,2012,4.2
IMH12D0332,2012,3.3
IMH12D0333,2012,3.3
IMH12D0335,2012,4.5
IMH12D0336,2012,5.1
IMH12D0337,2012,3.9
IMH12D0338,2012,4.9
IMH12D0341,2012,3.1
IMH12D0342,2012,2.9
IMH12D0343,2012,4.3
IMH12D0344,2012,2.9
IMH13A0001,2013,3
IMH13A0003,2013,5
IMH13A0005,2013,5
IMH13A0007,2013,7
IMH13A0009,2013,5
IMH13A0010,2013,3
IMH13A0030,2013,6
IMH13A0032,2013,11
IMH13A0033,2013,5
IMH13A0034,2013,6
IMH13A0035,2013,3
IMH13A0036,2013,6
IMH13A0039,2013,8
IMH13A0040,2013,10
IMH13A0041,2013,7
IMH13A0042,2013,1
IMH13A0043,2013,5
IMH13A0044,2013,5
IMH13A0046,2013,7
IMH13A0047,2013,2
IMH13A0048,2013,4
IMH13A0049,2013,5
IMH13A0050,2013,5
IMH13A0051,2013,4
IMH13A0053,2013,4
IMH13A0054,2013,9
IMH13A0055,2013,4
IMH13A0056,2013,6
IMH13A0057,2013,10
IMH13A0058,2013,6
IMH13A0060,2013,3
IMH13A0063,2013,6
IMH13A0201,2013,4
IMH13A0202,2013,5
IMH13A0203,2013,5
IMH13A0204,2013,5
IMH13A0206,2013,2
IMH13A0207,2013,9
IMH13A0208,2013,5
IMH13A0209,2013,5
IMH13A0210,2013,4
IMH13A0211,2013,4
IMH13A0212,2013,3
IMH13A0260,2013,4
IMH13A0261,2013,6
IMH13A0263,2013,6
IMH13A0265,2013,8
IMH13A0266,2013,3
IMH13A0267,2013,2
IMH13A0268,2013,7
IMH13A0269,2013,9
IMH13A0270,2013,4
IMH13A0274,2013,2
IMH13A0276,2013,7
IMH13A0277,2013,7
IMH13A0280,2013,1
IMH13A0281,2013,4
IMH13A0282,2013,4
IMH13A0283,2013,4
IMH13A0284,2013,3
IMH13A0285,2013,3
IMH13A0286,2013,4
IMH13A0287,2013,4
IMH13A0288,2013,5
IMH13A0289,2013,2
IMH13A0290,2013,4
IMH13A0291,2013,4
IMH13A0292,2013,4
IMH13B0001,2013,5
IMH13B0002,2013,7
IMH13B0004,2013,4
IMH13B0031,2013,6
IMH13B0032,2013,6
IMH13B0033,2013,5
IMH13B0035,2013,3
IMH13B0037,2013,2
IMH13B0040,2013,6
IMH13B0041,2013,7
IMH13B0042,2013,7
IMH13B0043,2013,4
IMH13B0045,2013,6
IMH13B0047,2013,6
IMH13B0049,2013,14
IMH13B0050,2013,11
IMH13B0051,2013,4
IMH13B0053,2013,9
IMH13B0055,2013,4
IMH13B0057,2013,6
IMH13B0058,2013,4
IMH13B0059,2013,3
IMH13B0060,2013,2
IMH13B0061,2013,1
IMH13B0062,2013,5
IMH13B0200,2013,3
IMH13B0201,2013,4
IMH13B0202,2013,6
IMH13B0203,2013,9
IMH13B0204,2013,7
IMH13B0205,2013,4
IMH13B0206,2013,3
IMH13B0207,2013,2
IMH13B0208,2013,4
IMH13B0209,2013,5
IMH13B0210,2013,6
IMH13B0211,2013,5
IMH13B0214,2013,4
IMH13B0216,2013,3
IMH13B0217,2013,7
IMH13B0219,2013,3
IMH13B0220,2013,5
IMH13B0221,2013,5
IMH13B0222,2013,6
IMH13B0223,2013,4
IMH13B0224,2013,6
IMH13B0225,2013,4
IMH13B0226,2013,5
IMH13B0227,2013,3
IMH13B0231,2013,5
IMH13B0232,2013,5
IMH13B0233,2013,5
IMH13B0234,2013,2
IMH13B0236,2013,5
IMH13B0237,2013,4
IMH13B0238,2013,4
IMH13B0239,2013,4
IMH13B0240,2013,5
IMH13B0241,2013,2
IMH13B0242,2013,6
IMH13B0243,2013,2
IMH13B0244,2013,7
IMH13B0245,2013,3
IMH13B0246,2013,2
IMH13C0001,2013,7
IMH13C0002,2013,4
IMH13C0008,2013,4
IMH13C0030,2013,5
IMH13C0033,2013,3
IMH13C0034,2013,7
IMH13C0035,2013,8
IMH13C0036,2013,5
IMH13C0037,2013,9
IMH13C0038,2013,4
IMH13C0040,2013,6
IMH13C0044,2013,4
IMH13C0046,2013,3
IMH13C0047,2013,6
IMH13C0049,2013,12
IMH13C0050,2013,2
IMH13C0051,2013,2
IMH13C0052,2013,7
IMH13C0054,2013,3
IMH13C0055,2013,10
IMH13C0058,2013,11
IMH13C0059,2013,4
IMH13C0080,2013,6
IMH13C0200,2013,5
IMH13C0202,2013,4
IMH13C0203,2013,8
IMH13C0204,2013,3
IMH13C0205,2013,3
IMH13C0206,2013,3
IMH13C0207,2013,5
IMH13C0209,2013,2
IMH13C0210,2013,3
IMH13C0211,2013,9
IMH13C0212,2013,4
IMH13C0213,2013,6
IMH13C0214,2013,6
IMH13C0215,2013,6
IMH13C0216,2013,12
IMH13C0217,2013,9
IMH13C0218,2013,8
IMH13C0219,2013,5
IMH13C0220,2013,11
IMH13C0221,2013,5
IMH13C0222,2013,2
IMH13C0223,2013,11
IMH13C0224,2013,3
IMH13C0227,2013,4
IMH13C0228,2013,4
IMH13C0229,2013,4
IMH13C0230,2013,6
IMH13C0231,2013,3
IMH13D0001,2013,4
IMH13D0002,2013,5
IMH13D0003,2013,2
IMH13D0004,2013,8
IMH13D0005,2013,6
IMH13D0007,2013,7
IMH13D0032,2013,8
IMH13D0033,2013,2
IMH13D0034,2013,8
IMH13D0035,2013,14
IMH13D0036,2013,1
IMH13D0038,2013,6
IMH13D0039,2013,5
IMH13D0040,2013,5
IMH13D0042,2013,4
IMH13D0043,2013,5
IMH13D0044,2013,2
IMH13D0045,2013,13
IMH13D0046,2013,5
IMH13D0048,2013,5
IMH13D0049,2013,4
IMH13D0050,2013,5
IMH13D0051,2013,5
IMH13D0052,2013,5
IMH13D0054,2013,9
IMH13D0055,2013,6
IMH13D0056,2013,3
IMH13D0057,2013,6
IMH13D0058,2013,17
IMH13D0059,2013,4
IMH13D0060,2013,5
IMH13D0070,2013,5
IMH13D0071,2013,7
IMH13D0080,2013,5
IMH13D0081,2013,2
IMH13D0090,2013,4
IMH13D0201,2013,3
IMH13D0204,2013,3
IMH13D0206,2013,4
IMH13D0207,2013,5
IMH13D0224,2013,4
IMH13D0225,2013,5
IMH13D0227,2013,7
IMH13D0228,2013,4
IMH13D0229,2013,4
IMH13D0275,2013,4
IMH13D0279,2013,4
IMH13D0281,2013,5
IMH13D0282,2013,4
IMH13D0284,2013,2
IMH13D0285,2013,7
IMH13D0286,2013,4
IMH13D0288,2013,4
IMH13D0289,2013,6
IMH13D0290,2013,5
IMH13D0291,2013,8
IMH13D0293,2013,4
IMH13D0295,2013,5
IMH13D0296,2013,4
IMH13D0297,2013,6
IMH13D0301,2013,4
IMH13D0302,2013,7
IMH13D0303,2013,3
IMH13D0304,2013,4
IMH13D0305,2013,4
IMH13D0306,2013,3
IMH13D0307,2013,2
IMH13D0308,2013,5
IMH13D0309,2013,11
IMH13D0310,2013,4
IMH13D0311,2013,5
IMH13D0312,2013,5
IMH13D0313,2013,6
IMH13D0314,2013,4
IMH13D0315,2013,5
IMH13D0317,2013,11
IMH13D0318,2013,3
IMH13D0319,2013,3
IMH13D0331,2013,5
IMH13D0332,2013,3
IMH13D0333,2013,5
IMH13D0335,2013,4
IMH13D0336,2013,5
IMH13D0337,2013,3
IMH13D0338,2013,5
IMH13D0341,2013,4
IMH13D0343,2013,5
IMH13D0344,2013,5
IMH14A0001,2014,3
IMH14A0003,2014,5
IMH14A0005,2014,4
IMH14A0007,2014,7
IMH14A0009,2014,6
IMH14A0010,2014,3
IMH14A0030,2014,6
IMH14A0032,2014,11
IMH14A0033,2014,3
IMH14A0034,2014,2
IMH14A0035,2014,3
IMH14A0036,2014,6
IMH14A0039,2014,4
IMH14A0040,2014,10
IMH14A0041,2014,7
IMH14A0042,2014,1
IMH14A0043,2014,5
IMH14A0044,2014,5
IMH14A0046,2014,7
IMH14A0047,2014,2
IMH14A0048,2014,5
IMH14A0049,2014,5
IMH14A0050,2014,5
IMH14A0051,2014,3
IMH14A0053,2014,5
IMH14A0054,2014,9
IMH14A0055,2014,6
IMH14A0056,2014,5
IMH14A0057,2014,10
IMH14A0058,2014,6
IMH14A0060,2014,4
IMH14A0063,2014,5
IMH14A0201,2014,4
IMH14A0202,2014,4
IMH14A0203,2014,5
IMH14A0204,2014,5
IMH14A0206,2014,2
IMH14A0207,2014,9
IMH14A0208,2014,5
IMH14A0209,2014,5
IMH14A0210,2014,3
IMH14A0211,2014,4
IMH14A0212,2014,3
IMH14A0260,2014,4
IMH14A0261,2014,2
IMH14A0263,2014,6
IMH14A0265,2014,6
IMH14A0266,2014,3
IMH14A0268,2014,7
IMH14A0269,2014,9
IMH14A0270,2014,4
IMH14A0274,2014,2
IMH14A0276,2014,7
IMH14A0277,2014,8
IMH14A0280,2014,1
IMH14A0281,2014,5
IMH14A0282,2014,4
IMH14A0283,2014,4
IMH14A0284,2014,3
IMH14A0285,2014,5
IMH14A0286,2014,4
IMH14A0287,2014,3
IMH14A0288,2014,5
IMH14A0289,2014,1
IMH14A0290,2014,4
IMH14A0291,2014,5
IMH14A0292,2014,4
IMH14A0293,2014,4
IMH14A0294,2014,3
IMH14A0295,2014,3
IMH14A0296,2014,5
IMH14A0297,2014,2
IMH14B0001,2014,4
IMH14B0002,2014,7
IMH14B0004,2014,4
IMH14B0031,2014,6
IMH14B0032,2014,6
IMH14B0033,2014,4
IMH14B0035,2014,3
IMH14B0037,2014,2
IMH14B0040,2014,7
IMH14B0041,2014,7
IMH14B0042,2014,5
IMH14B0043,2014,4
IMH14B0045,2014,6
IMH14B0047,2014,5
IMH14B0049,2014,14
IMH14B0050,2014,12
IMH14B0051,2014,4
IMH14B0053,2014,9
IMH14B0055,2014,4
IMH14B0057,2014,6
IMH14B0058,2014,4
IMH14B0059,2014,3
IMH14B0060,2014,2
IMH14B0061,2014,1
IMH14B0062,2014,5
IMH14B0200,2014,2
IMH14B0201,2014,4
IMH14B0202,2014,6
IMH14B0203,2014,9
IMH14B0204,2014,7
IMH14B0205,2014,4
IMH14B0206,2014,3
IMH14B0207,2014,2
IMH14B0208,2014,3
IMH14B0209,2014,2
IMH14B0210,2014,6
IMH14B0211,2014,5
IMH14B0214,2014,5
IMH14B0216,2014,3
IMH14B0217,2014,7
IMH14B0219,2014,3
IMH14B0220,2014,5
IMH14B0221,2014,4
IMH14B0222,2014,6
IMH14B0223,2014,4
IMH14B0224,2014,9
IMH14B0225,2014,4
IMH14B0226,2014,5
IMH14B0227,2014,3
IMH14B0231,2014,5
IMH14B0232,2014,5
IMH14B0233,2014,5
IMH14B0234,2014,2
IMH14B0236,2014,4
IMH14B0237,2014,4
IMH14B0238,2014,4
IMH14B0239,2014,4
IMH14B0240,2014,5
IMH14B0241,2014,2
IMH14B0242,2014,6
IMH14B0243,2014,2
IMH14B0244,2014,7
IMH14B0245,2014,3
IMH14B0246,2014,2
IMH14C0001,2014,7
IMH14C0002,2014,4
IMH14C0008,2014,4
IMH14C0030,2014,5
IMH14C0033,2014,2
IMH14C0034,2014,7
IMH14C0035,2014,7
IMH14C0036,2014,4
IMH14C0037,2014,9
IMH14C0038,2014,4
IMH14C0040,2014,6
IMH14C0044,2014,4
IMH14C0046,2014,3
IMH14C0047,2014,6
IMH14C0049,2014,12
IMH14C0051,2014,6
IMH14C0052,2014,7
IMH14C0054,2014,4
IMH14C0055,2014,10
IMH14C0058,2014,11
IMH14C0059,2014,4
IMH14C0080,2014,6
IMH14C0200,2014,5
IMH14C0202,2014,4
IMH14C0203,2014,8
IMH14C0204,2014,3
IMH14C0205,2014,3
IMH14C0206,2014,3
IMH14C0207,2014,5
IMH14C0209,2014,2
IMH14C0210,2014,3
IMH14C0211,2014,6
IMH14C0212,2014,4
IMH14C0213,2014,5
IMH14C0214,2014,6
IMH14C0215,2014,6
IMH14C0216,2014,13
IMH14C0217,2014,10
IMH14C0218,2014,10
IMH14C0219,2014,5
IMH14C0220,2014,12
IMH14C0221,2014,5
IMH14C0222,2014,2
IMH14C0223,2014,11
IMH14C0224,2014,3
IMH14C0227,2014,4
IMH14C0228,2014,4
IMH14C0229,2014,4
IMH14C0230,2014,5
IMH14C0231,2014,4
IMH14C0232,2014,5
IMH14D0001,2014,4
IMH14D0002,2014,4
IMH14D0003,2014,2
IMH14D0004,2014,8
IMH14D0005,2014,6
IMH14D0007,2014,7
IMH14D0032,2014,9
IMH14D0033,2014,2
IMH14D0034,2014,8
IMH14D0035,2014,14
IMH14D0036,2014,1
IMH14D0038,2014,6
IMH14D0039,2014,4
IMH14D0040,2014,5
IMH14D0042,2014,4
IMH14D0043,2014,5
IMH14D0044,2014,2
IMH14D0045,2014,13
IMH14D0046,2014,6
IMH14D0048,2014,5
IMH14D0049,2014,4
IMH14D0050,2014,5
IMH14D0051,2014,5
IMH14D0052,2014,5
IMH14D0054,2014,9
IMH14D0055,2014,6
IMH14D0056,2014,3
IMH14D0057,2014,5
IMH14D0058,2014,17
IMH14D0059,2014,4
IMH14D0060,2014,5
IMH14D0070,2014,5
IMH14D0071,2014,7
IMH14D0080,2014,5
IMH14D0081,2014,2
IMH14D0090,2014,5
IMH14D0201,2014,3
IMH14D0204,2014,3
IMH14D0206,2014,4
IMH14D0207,2014,5
IMH14D0224,2014,4
IMH14D0225,2014,5
IMH14D0227,2014,7
IMH14D0228,2014,4
IMH14D0229,2014,4
IMH14D0275,2014,4
IMH14D0279,2014,4
IMH14D0281,2014,5
IMH14D0282,2014,4
IMH14D0284,2014,2
IMH14D0285,2014,7
IMH14D0286,2014,5
IMH14D0288,2014,4
IMH14D0289,2014,6
IMH14D0290,2014,5
IMH14D0291,2014,8
IMH14D0293,2014,3
IMH14D0295,2014,6
IMH14D0296,2014,4
IMH14D0297,2014,7
IMH14D0301,2014,4
IMH14D0302,2014,7
IMH14D0303,2014,3
IMH14D0304,2014,4
IMH14D0305,2014,4
IMH14D0306,2014,4
IMH14D0307,2014,2
IMH14D0308,2014,5
IMH14D0309,2014,12
IMH14D0310,2014,6
IMH14D0311,2014,5
IMH14D0312,2014,6
IMH14D0313,2014,6
IMH14D0314,2014,4
IMH14D0315,2014,5
IMH14D0317,2014,12
IMH14D0318,2014,3
IMH14D0319,2014,3
IMH14D0331,2014,4
IMH14D0332,2014,3
IMH14D0333,2014,7
IMH14D0335,2014,4
IMH14D0336,2014,5
IMH14D0337,2014,3
IMH14D0338,2014,5
IMH14D0341,2014,4
IMH14D0343,2014,5
IMH14D0344,2014,6
IMH14D0345,2014,8
IMP10A0001,2010,4.2
IMP10A0002,2010,4.8
IMP10A0003,2010,6.6
IMP10A0004,2010,7.8
IMP10A0005,2010,6
IMP10A0006,2010,7.2
IMP10A0007,2010,5.4
IMP10A0008,2010,6
IMP10A0009,2010,5.1
IMP10A0010,2010,2.1
IMP10A0030,2010,6.3
IMP10A0031,2010,9
IMP10A0032,2010,6.3
IMP10A0033,2010,5.1
IMP10A0034,2010,3
IMP10A0035,2010,6.3
IMP10A0036,2010,2.1
IMP10A0037,2010,4.8
IMP10A0038,2010,3.3
IMP10A0039,2010,4.2
IMP10A0040,2010,8.1
IMP10A0041,2010,7.5
IMP10A0042,2010,7.8
IMP10A0043,2010,5.1
IMP10A0044,2010,5.4
IMP10A0045,2010,3
IMP10A0046,2010,5.4
IMP10A0047,2010,6.3
IMP10A0048,2010,8.1
IMP10A0049,2010,6
IMP10A0050,2010,6.6
IMP10A0051,2010,15.3
IMP10A0052,2010,2.1
IMP10A0053,2010,6.4
IMP10A0054,2010,2.1
IMP10A0055,2010,5.4
IMP10A0056,2010,8.1
IMP10A0057,2010,12.7
IMP10A0058,2010,3.3
IMP10A0059,2010,8.9
IMP10B0001,2010,3
IMP10B0002,2010,6.4
IMP10B0003,2010,5.4
IMP10B0004,2010,5.4
IMP10B0005,2010,2.1
IMP10B0006,2010,9
IMP10B0007,2010,6.6
IMP10B0008,2010,6
IMP10B0009,2010,8.1
IMP10B0010,2010,14.7
IMP10B0030,2010,4.2
IMP10B0031,2010,3.3
IMP10B0032,2010,4.5
IMP10B0033,2010,7.3
IMP10B0034,2010,6.1
IMP10B0035,2010,7.2
IMP10B0036,2010,3.9
IMP10B0037,2010,5.7
IMP10B0038,2010,3
IMP10B0039,2010,4.3
IMP10B0040,2010,2.1
IMP10B0041,2010,6.3
IMP10B0042,2010,10.2
IMP10B0043,2010,7.8
IMP10B0044,2010,3.3
IMP10B0045,2010,4.5
IMP10B0046,2010,5.4
IMP10B0047,2010,4.5
IMP10B0048,2010,2.1
IMP10B0049,2010,6.4
IMP10B0050,2010,6.3
IMP10B0051,2010,6.6
IMP10B0052,2010,25.2
IMP10B0053,2010,3.3
IMP10B0054,2010,4.2
IMP10B0055,2010,7.8
IMP10B0056,2010,5.7
IMP10B0057,2010,5.4
IMP10B0058,2010,5.4
IMP10B0059,2010,7.8
IMP11A0001,2011,3.7
IMP11A0002,2011,4.9
IMP11A0003,2011,6.1
IMP11A0004,2011,7.5
IMP11A0005,2011,5.4
IMP11A0006,2011,5.6
IMP11A0007,2011,4.6
IMP11A0008,2011,5.2
IMP11A0009,2011,3.8
IMP11A0010,2011,2.1
IMP11A0030,2011,5.6
IMP11A0031,2011,7.3
IMP11A0032,2011,5.6
IMP11A0033,2011,5
IMP11A0034,2011,3
IMP11A0035,2011,6.3
IMP11A0036,2011,2.1
IMP11A0037,2011,4.8
IMP11A0038,2011,3.3
IMP11A0039,2011,4.1
IMP11A0040,2011,8.5
IMP11A0041,2011,7.3
IMP11A0042,2011,7.5
IMP11A0043,2011,7.3
IMP11A0044,2011,4.2
IMP11A0045,2011,3.1
IMP11A0046,2011,4.9
IMP11A0047,2011,5.1
IMP11A0048,2011,6.9
IMP11A0049,2011,6.3
IMP11A0050,2011,6.1
IMP11A0051,2011,18.2
IMP11A0052,2011,2.1
IMP11A0053,2011,6.4
IMP11A0054,2011,2.1
IMP11A0055,2011,5.3
IMP11A0056,2011,7.2
IMP11A0057,2011,6.7
IMP11A0058,2011,3.3
IMP11A0059,2011,9.3
IMP11B0001,2011,3.1
IMP11B0002,2011,5.3
IMP11B0003,2011,5.3
IMP11B0004,2011,4.9
IMP11B0005,2011,1.9
IMP11B0006,2011,7.2
IMP11B0007,2011,6.1
IMP11B0008,2011,6.2
IMP11B0009,2011,6.4
IMP11B0010,2011,14.1
IMP11B0030,2011,3.7
IMP11B0031,2011,3.3
IMP11B0032,2011,3.9
IMP11B0033,2011,5.7
IMP11B0034,2011,5.3
IMP11B0035,2011,5.2
IMP11B0036,2011,3.9
IMP11B0037,2011,5.1
IMP11B0038,2011,3.1
IMP11B0039,2011,2.6
IMP11B0040,2011,2.1
IMP11B0041,2011,5
IMP11B0042,2011,9.6
IMP11B0043,2011,7.6
IMP11B0044,2011,3.3
IMP11B0045,2011,4.3
IMP11B0046,2011,5.9
IMP11B0047,2011,4.5
IMP11B0048,2011,2.1
IMP11B0049,2011,4.4
IMP11B0050,2011,6.3
IMP11B0051,2011,6.3
IMP11B0052,2011,20.4
IMP11B0053,2011,4.2
IMP11B0054,2011,4.2
IMP11B0055,2011,7.6
IMP11B0056,2011,5.3
IMP11B0057,2011,5.8
IMP11B0058,2011,5.1
IMP11B0059,2011,7.7
IMP12A0001,2012,3.7
IMP12A0002,2012,4.9
IMP12A0003,2012,6.3
IMP12A0004,2012,7.7
IMP12A0005,2012,5.7
IMP12A0006,2012,4.8
IMP12A0007,2012,4.6
IMP12A0008,2012,5.2
IMP12A0009,2012,3.9
IMP12A0010,2012,2.1
IMP12A0030,2012,5.6
IMP12A0031,2012,7.3
IMP12A0032,2012,5.5
IMP12A0033,2012,5
IMP12A0034,2012,6
IMP12A0035,2012,5.3
IMP12A0036,2012,2.1
IMP12A0037,2012,4.8
IMP12A0038,2012,3.3
IMP12A0039,2012,4.1
IMP12A0040,2012,8.7
IMP12A0041,2012,5.4
IMP12A0042,2012,7.6
IMP12A0043,2012,7.2
IMP12A0044,2012,4.7
IMP12A0045,2012,3.1
IMP12A0046,2012,4.9
IMP12A0047,2012,5.4
IMP12A0048,2012,6.9
IMP12A0049,2012,6.3
IMP12A0050,2012,6.1
IMP12A0051,2012,17.3
IMP12A0052,2012,2.1
IMP12A0053,2012,5.4
IMP12A0054,2012,2.1
IMP12A0055,2012,5.2
IMP12A0056,2012,7.5
IMP12A0057,2012,7.6
IMP12A0058,2012,3.3
IMP12A0059,2012,9.4
IMP12B0001,2012,3.1
IMP12B0002,2012,5.2
IMP12B0003,2012,5.5
IMP12B0004,2012,4.9
IMP12B0005,2012,0.9
IMP12B0006,2012,7.2
IMP12B0007,2012,4.1
IMP12B0008,2012,6.2
IMP12B0009,2012,6.4
IMP12B0010,2012,9.1
IMP12B0030,2012,3.9
IMP12B0031,2012,3.3
IMP12B0032,2012,3.9
IMP12B0033,2012,5.9
IMP12B0034,2012,5.3
IMP12B0035,2012,5.7
IMP12B0036,2012,3.9
IMP12B0037,2012,5.1
IMP12B0038,2012,2.1
IMP12B0039,2012,2.9
IMP12B0040,2012,2.1
IMP12B0041,2012,5.5
IMP12B0042,2012,9.6
IMP12B0043,2012,6.6
IMP12B0044,2012,3.3
IMP12B0045,2012,4.3
IMP12B0046,2012,5.8
IMP12B0047,2012,4.5
IMP12B0048,2012,2.1
IMP12B0049,2012,4.7
IMP12B0050,2012,6.3
IMP12B0051,2012,6.3
IMP12B0052,2012,20.9
IMP12B0053,2012,4.6
IMP12B0054,2012,4.2
IMP12B0055,2012,7.7
IMP12B0056,2012,5.3
IMP12B0057,2012,5.8
IMP12B0058,2012,5.3
IMP12B0059,2012,8.7
IMP13A0001,2013,4
IMP13A0002,2013,5
IMP13A0003,2013,6
IMP13A0004,2013,7
IMP13A0005,2013,6
IMP13A0006,2013,6
IMP13A0007,2013,5
IMP13A0008,2013,6
IMP13A0009,2013,6
IMP13A0010,2013,2
IMP13A0030,2013,6
IMP13A0031,2013,8
IMP13A0032,2013,6
IMP13A0033,2013,7
IMP13A0034,2013,7
IMP13A0035,2013,5
IMP13A0036,2013,2
IMP13A0037,2013,4
IMP13A0038,2013,3
IMP13A0039,2013,4
IMP13A0040,2013,10
IMP13A0041,2013,5
IMP13A0042,2013,7
IMP13A0043,2013,8
IMP13A0044,2013,5
IMP13A0045,2013,3
IMP13A0046,2013,5
IMP13A0047,2013,6
IMP13A0048,2013,9
IMP13A0049,2013,4
IMP13A0050,2013,6
IMP13A0051,2013,19
IMP13A0052,2013,2
IMP13A0053,2013,5
IMP13A0054,2013,2
IMP13A0055,2013,5
IMP13A0056,2013,8
IMP13A0057,2013,8
IMP13A0058,2013,3
IMP13A0059,2013,7
IMP13A0200,2013,4
IMP13B0001,2013,4
IMP13B0002,2013,5
IMP13B0003,2013,5
IMP13B0004,2013,5
IMP13B0005,2013,6
IMP13B0006,2013,9
IMP13B0007,2013,4
IMP13B0008,2013,6
IMP13B0009,2013,8
IMP13B0010,2013,10
IMP13B0030,2013,4
IMP13B0031,2013,3
IMP13B0032,2013,4
IMP13B0033,2013,6
IMP13B0034,2013,5
IMP13B0035,2013,7
IMP13B0036,2013,4
IMP13B0037,2013,6
IMP13B0038,2013,2
IMP13B0039,2013,3
IMP13B0040,2013,2
IMP13B0041,2013,6
IMP13B0042,2013,10
IMP13B0043,2013,6
IMP13B0044,2013,4
IMP13B0045,2013,4
IMP13B0046,2013,4
IMP13B0047,2013,4
IMP13B0048,2013,9
IMP13B0049,2013,5
IMP13B0050,2013,6
IMP13B0051,2013,6
IMP13B0052,2013,21
IMP13B0053,2013,6
IMP13B0054,2013,4
IMP13B0055,2013,8
IMP13B0056,2013,5
IMP13B0057,2013,6
IMP13B0058,2013,5
IMP13B0059,2013,9
IMP14A0001,2014,4
IMP14A0002,2014,4
IMP14A0003,2014,7
IMP14A0004,2014,8
IMP14A0005,2014,6
IMP14A0006,2014,6
IMP14A0007,2014,5
IMP14A0008,2014,6
IMP14A0009,2014,6
IMP14A0010,2014,2
IMP14A0030,2014,7
IMP14A0031,2014,9
IMP14A0032,2014,3
IMP14A0033,2014,7
IMP14A0034,2014,7
IMP14A0035,2014,5
IMP14A0036,2014,2
IMP14A0037,2014,4
IMP14A0038,2014,3
IMP14A0039,2014,4
IMP14A0040,2014,9
IMP14A0041,2014,5
IMP14A0042,2014,7
IMP14A0043,2014,7
IMP14A0044,2014,5
IMP14A0045,2014,3
IMP14A0046,2014,5
IMP14A0047,2014,5
IMP14A0048,2014,9
IMP14A0049,2014,4
IMP14A0050,2014,6
IMP14A0051,2014,18
IMP14A0052,2014,2
IMP14A0053,2014,5
IMP14A0054,2014,2
IMP14A0055,2014,5
IMP14A0056,2014,8
IMP14A0057,2014,8
IMP14A0058,2014,3
IMP14A0059,2014,7
IMP14A0200,2014,5
IMP14B0001,2014,4
IMP14B0002,2014,5
IMP14B0003,2014,5
IMP14B0004,2014,5
IMP14B0005,2014,6
IMP14B0006,2014,9
IMP14B0007,2014,4
IMP14B0008,2014,6
IMP14B0009,2014,8
IMP14B0010,2014,9
IMP14B0030,2014,4
IMP14B0031,2014,3
IMP14B0032,2014,4
IMP14B0033,2014,6
IMP14B0034,2014,6
IMP14B0035,2014,7
IMP14B0036,2014,4
IMP14B0037,2014,6
IMP14B0038,2014,2
IMP14B0039,2014,3
IMP14B0040,2014,2
IMP14B0041,2014,6
IMP14B0042,2014,8
IMP14B0043,2014,6
IMP14B0044,2014,4
IMP14B0045,2014,4
IMP14B0046,2014,4
IMP14B0047,2014,4
IMP14B0048,2014,9
IMP14B0049,2014,5
IMP14B0050,2014,4
IMP14B0051,2014,6
IMP14B0052,2014,19
IMP14B0053,2014,6
IMP14B0054,2014,4
IMP14B0055,2014,7
IMP14B0056,2014,5
IMP14B0057,2014,7
IMP14B0058,2014,5
IMP14B0059,2014,9
ITS14A0008,2014,4
ITS14A0010,2014,2
ITS14A0030,2014,2
ITS14A0034,2014,5
ITS14A0035,2014,2
ITS14A0036,2014,1
ITS14A0038,2014,4
ITS14A0039,2014,1
ITS14A0043,2014,2
ITS14A0044,2014,3
ITS14A0046,2014,5
ITS14A0048,2014,4
ITS14A0053,2014,5
ITS14A0055,2014,2
ITS14A0058,2014,1
ITS14A0081,2014,2
ITS14A0082,2014,2
ITS14A0202,2014,5
ITS14A0203,2014,4
ITS14A0208,2014,7
ITS14A0209,2014,4
ITS14A0210,2014,3
ITS14A0212,2014,2
ITS14A0216,2014,7
ITS14A0217,2014,4
ITS14A0219,2014,2
ITS14A0220,2014,2
ITS14A0224,2014,7
ITS14A0225,2014,4
ITS14A0226,2014,5
ITS14A0227,2014,3
ITS14A0228,2014,4
ITS14A0229,2014,2
ITS14A0231,2014,5
ITS14A0232,2014,4
ITS14A0233,2014,2
ITS14A0234,2014,4
ITS14A0236,2014,2
ITS14A0237,2014,5
ITS14A0238,2014,4
ITS14A0239,2014,4
ITS14A0240,2014,7
ITS14A0241,2014,4
ITS14A0242,2014,2
ITS14A0297,2014,5
ITS14A0300,2014,4
ITS14A0301,2014,6
ITS14A0302,2014,3
ITS14A0303,2014,3
ITS14A0304,2014,4
ITS14A0305,2014,4
ITS14A0307,2014,4
ITS14A0308,2014,3
ITS14A0309,2014,5
ITS14A0311,2014,3
ITS14A0312,2014,5
ITS14A0314,2014,1
ITS14A0315,2014,4
ITS14A0316,2014,3
ITS14A0317,2014,5
ITS14A0328,2014,4
ITS14A0329,2014,4
ITS14A0330,2014,4
ITS14A0333,2014,3
ITS14A0334,2014,2
ITS14A0335,2014,2
ITS14A0336,2014,4
ITS14A1006,2014,2
ITS14B0030,2014,5
ITS14B0032,2014,7
ITS14B0035,2014,3
ITS14B0036,2014,5
ITS14B0037,2014,2
ITS14B0038,2014,11
ITS14B0041,2014,3
ITS14B0043,2014,10
ITS14B0046,2014,4
ITS14B0047,2014,2
ITS14B0049,2014,5
ITS14B0052,2014,6
ITS14B0053,2014,7
ITS14B0054,2014,4
ITS14B0055,2014,5
ITS14B0057,2014,6
ITS14B0058,2014,6
ITS14B0059,2014,4
ITS14B0200,2014,8
ITS14B0201,2014,2
ITS14B0203,2014,7
ITS14B0207,2014,4
ITS14B0256,2014,3
ITS14B0257,2014,5
ITS14B0258,2014,5
ITS14B0260,2014,4
ITS14B0275,2014,4
ITS14B0276,2014,6
ITS14B0277,2014,5
ITS14B0278,2014,6
ITS14B0280,2014,10
ITS14B0281,2014,4
ITS14B0284,2014,7
ITS14B0287,2014,4
ITS14B0288,2014,7
ITS14B0289,2014,3
ITS14B0290,2014,6
ITS14B0291,2014,2
ITS14B0293,2014,6
ITS14B0296,2014,5
ITS14B0297,2014,3
ITS14B0298,2014,2
ITS14B0299,2014,4
ITS14B0303,2014,4
ITS14B0305,2014,4
ITS14B1079,2014,4
